peptide,mhc_class,mhc_restriction
VEATFGVDESNAK,I,
GTFIIDPAAVIR,I,
TPVISGGPYEYR,I,
GTFIIDPGGVIR,I,
YILAGVENSK,I,
GAGSSEPVTGLDAK,I,
TPVITGAPYEYR,I,
LGGNEQVTR,I,
AASYYAPVR,I,
LFLQFGAQGSPFLK,I,
GLDAASYYAPVR,I,
VEATFGVDESNAKT,I,
ADVTPADFSEWSK,I,
PADFSEWSK,I,
FIIDPAAVIR,I,
DVTPADFSEWSK,I,
TFIIDPAAVIR,I,
YLIGKESQV,I,
TPADFSEWSK,I,
LGGGGEARGGTV,I,
AGSSEPVTGLDAK,I,
GAGSSEPVTGLD,I,
ATFGVDESNAK,I,
IIDPAAVIR,I,
VITGAPYEYR,I,
VISGGPYEYR,I,
FIIDPGGVIR,I,
LAGNEQVTR,I,
LAGVENSK,I,
DGLDAASYYAPVR,I,
VTPADFSEWSK,I,
PVTGLDAK,I,
QSPSANVL,I,
ADVTPADFSE,I,
PVISGGPYEYR,I,
FGVDESNAK,I,
SSEPVTGLDAK,I,
GGNEQVTR,I,
AQGSPFLK,I,
SESPIVVVL,I,
PVITGAPYEYR,I,
LDAASYYAPVR,I,
GSSEPVTGLDAK,I,
SEPVTGLDAK,I,
VAVNNPKKQE,I,
DGLDAASYYAPVRA,I,
DAASYYAPVR,I,
SVRYSSSKH,I,
ASYYAPVR,I,
GAQGSPFLK,I,
AASYYAPVRA,I,
LQAGASQFETSAAK,I,
GAGSSEPVTGL,I,
ILAGVENSK,I,
LHAHKLRVD,I,
PKFEVIEKPQA,I,
EPVTGLDAK,I,
TFIIDPGGVIR,I,
GPPGTGKTLL,I,
PGLARQAPKPRKQ,I,
LHVDPRKSN,I,
SAKSRTIG,I,
PLDSTSRIMD,I,
AEPSAATQSHS,I,
VKLAKAGKNQGD,I,
APPPPPPPP,I,
RNVSTGDVNVE,I,
KLFVDTDADTRL,I,
IIDPGGVIR,I,
QAQKAEGAGDAK,I,
TDQAQKAEGAGDAK,I,
AEAEPEPEL,I,
AGSSEPVTGLD,I,
SLGPSLATDKS,I,
ITGAPYEYR,I,
REEGTPLTL,I,
KEETQPPVAL,I,
LGDGPKLV,I,
PEPAKSAPAPK,I,
LYPASRQAAGIPG,I,
LYLGVKTND,I,
PVNFKLLSH,I,
NEFPEPIKL,I,
KESSTVFEL,I,
PLPDEKTKK,I,
PSPPPPPPP,I,
SKSISISVARG,I,
KESEVFYEL,I,
GPPGTGKTL,I,
KSSASAPDVDD,I,
ADIQTERAY,I,
SEFKGDLETL,I,
DTGRPSTTVR,I,
GAGGGFGSR,I,
GSGSGWSSSRGPY,I,
VVRHQLLKT,I,
PDKISGADINSI,I,
RIAGQVAAANKKH,I,
GELGNGNIKL,I,
GEVDPKVAL,I,
RETGVIEKL,I,
REFIAPVTL,I,
GLGSGGSIR,I,
REIQTAVRL,I,
LKASAPAPGHH,I,
TNRIDILDS,I,
KEIDKEEHL,I,
AEAKEKIYL,I,
FGGRSSGP,I,
AEFDDRRGVL,I,
ASNVTNKTD,I,
VGSEFVQKY,I,
KESTLHLVL,I,
GEGKPTPAL,I,
AAKPKVVKPK,I,
GEVPGSAVL,I,
GESDDSILRL,I,
GLARQAPKPRKQ,I,
SSGSVGESSSKGP,I,
GSVGESSSKGP,I,
DPAILRPGRL,I,
REWKGIDRL,I,
REAVPEPVL,I,
SPDLPKLKPD,I,
PEPAKSAPAPKKG,I,
GEIGTKTTL,I,
LLDVPTAAV,I,
LLGPRLVLA,I,
GRMHAPGKGLSQS,I,
DGFDSRGDVKV,I,
QKENAGEDPGLAR,I,
KEYVGIVRL,I,
PDPAKSAPAPK,I,
AALRPLVKPK,I,
YEDIAQKS,I,
PEPTKSAPAPK,I,
NVKVDPEIQ,I,
ILDKKVEKV,I,
REAFLVNSDL,I,
GAAPAGGPA,I,
TKAVTKYTSSK,I,
GVDIRHNKD,I,
RTLYGFGG,I,
ADEKPKEGVK,I,
AENKDEIAL,I,
GEARVGSEL,I,
SRQFSSRSG,I,
SGSVGESSSKGP,I,
REFNEEGALSVL,I,
REIAQDFKTDL,I,
NAIGSASVV,I,
PEPAKSAPAPKKGS,I,
REEPEKIIL,I,
SEHGPNPIL,I,
AEAGPDFEL,I,
ADFAKVLEL,I,
GEVDVEQHTL,I,
AEASVDPSL,I,
NLAENISRV,I,
REIEGDLL,I,
SEFAKDPSL,I,
RETEGGTVL,I,
GEDAPVRPL,I,
GSGSGWSSSRGP,I,
RESIPGVSL,I,
AEFRDYPPVL,I,
KEFDGKSLV,I,
KEFNEDGALAVL,I,
SEVMGEPHL,I,
TLIDLPGITKV,I,
GETSTVEKL,I,
REFEERRSL,I,
PEPSKSAPAPK,I,
REAESFTQL,I,
GEDRSPPTAL,I,
LEKGLDGAKK,I,
GEIDGNKVTL,I,
ISGGGSRGGGGGGY,I,
WEEERQPIL,I,
GEFGGFGSV,I,
REISDHVL,I,
SLGGGFGGGSR,I,
RTTQRIVAPP,I,
ALAPGLPTA,I,
KEDRPITI,I,
DHDFVVQE,I,
FTSVSRPGR,I,
REIAQDFKTDLR,I,
KEANAISVEL,I,
HETKAGPERL,I,
REIFRNEKL,I,
REIQDDMQTL,I,
LEKGLDGAKKA,I,
PEPAKSAPAPKK,I,
AVGGLGKLGKDA,I,
AIVDKVPSV,I,
LLLPGPSAA,I,
ITAPPSRVL,I,
NTIDPSHPM,I,
GIDSSSPEV,I,
SIYPSPTGV,I,
KEIDKNDHL,I,
SEDPSHPSM,I,
AAAAAAAAA,I,
ASSPEHPEL,I,
SEIKGEVL,I,
ASVPAGGAV,I,
RVIGTLEEV,I,
AEAKKIERL,I,
YADVGGKQF,I,
GSHSMRYFSAA,I,
VLLKARLVPA,I,
TSSPSILTL,I,
SEDEPTRSL,I,
REDITEPAI,I,
KIAPNTPQL,I,
AAAGPGAAL,I,
NQFPGFKEV,I,
KIYEGQVEV,I,
TIMPKDIQL,I,
GEYFPGTGDL,I,
ILDQKINEV,I,
SEHGINIDL,I,
RLFDEPQLA,I,
AEITDKLGL,I,
SAAFPGASL,I,
AEAAVVAVA,I,
TIIDKSKSV,I,
LADDSVRSL,I,
YETEGIRGL,I,
GEHGLIIRV,I,
IEVDPDTKEML,I,
GLNEEIARV,I,
AEISQPPAL,I,
GESSGKNVTL,I,
AAAPPAKEI,I,
YIKDGITRV,I,
ILTDITKGV,I,
AELTGDHQL,I,
RIIDVVYNA,I,
TEVGEKIAL,I,
VTVPPGPSL,I,
SEAKGLVTL,I,
GEVREDLRL,I,
SEAEPGGGSL,I,
GLATDVQTV,I,
GEITGEVRM,I,
VEVSIPAKL,I,
AAEEGLREL,I,
RELAEDDSIL,I,
RETVSEESNVL,I,
KEEPPQPQL,I,
GVGPVPARA,I,
KLGSVPVTV,I,
RENPTGVVL,I,
TIDPNTRTL,I,
NAIEGGTQL,I,
KLGEIVTTI,I,
GEVPVHKL,I,
REDNQTNRL,I,
HLGPEGRSV,I,
KLDVGNAEV,I,
REDLESSGL,I,
GEAPPGTPP,I,
VSDFGGRSL,I,
SEFPIRTL,I,
SEAGSHTL,I,
SEGLPEPVL,I,
AETPDIKL,I,
AEDTPVVQL,I,
KEFEGKTLV,I,
STVAPGSGL,I,
LVLAPTREL,I,
KEPVTPSAL,I,
AEKVEIATL,I,
IAIIPSKKL,I,
TIPEAFRGV,I,
HENEDIYKL,I,
GEVGKTTGI,I,
RMLPHAPGV,I,
FIAPTGHSL,I,
KMDPIISRV,I,
RVADYIVKV,I,
AEEDFYEKL,I,
AEVEPGVHL,I,
SLAEPRVSV,I,
KEFMPPGLQEL,I,
REEIKPIRL,I,
SMRYFFTSVSRPGR,I,
KELEAFREEL,I,
KEAPPPVLL,I,
SLAGGIIGV,I,
SAQGKPLAL,I,
KEPEINTTL,I,
ATDPSARTL,I,
KEPDRIVGEFL,I,
VAAPPPKNSF,I,
AEAMKAPEL,I,
ASGPPVSEL,I,
YSDDIPHAL,I,
GETSKGDEL,I,
VEIEERGVKL,I,
GVYGDVQRV,I,
RESLPIYKL,I,
SEYPIVDGKL,I,
FSAGEPRVL,I,
SEDGDAHVL,I,
VMDSKIVQV,I,
REGSASTEVL,I,
GEFADPFKL,I,
SLPKGVVEV,I,
SEAGSRIVL,I,
HASDRIIAL,I,
YLDPAQRGV,I,
ITAPPGTAA,I,
RETLQQHKL,I,
RENLEEEAIIM,I,
KSVDPTLAL,I,
FSGAGQRL,I,
TAAPVPTTL,I,
TENNDHINL,I,
RESPRPLQL,I,
SEVGTDHKL,I,
SAAPPGASL,I,
FNDPNAKEM,I,
SEEPGHFSL,I,
KVAPAPAVV,I,
SAMEVVPAL,I,
GETGTLVDM,I,
AEKREHEKEVL,I,
GEAQVGKTSL,I,
GAITSGSSV,I,
AETGSGKTL,I,
RELPGHTGYL,I,
HEADVDVLM,I,
RIADQFLGA,I,
AEIKDGERL,I,
GVLPNIQAV,I,
IEVDGKQVEL,I,
KEKYIDQEEL,I,
VVQGDPREL,I,
HAVGPSTSL,I,
AAAAVGGAL,I,
FFTSVSRPGR,I,
YQEKGVRVL,I,
RTLAEIAKV,I,
AEPDIIEQL,I,
IADPKTDHRL,I,
TLLSLRPSEA,I,
IADARRKEL,I,
HEAERNIAL,I,
TAASTSRSL,I,
REEPGTFSI,I,
AEIGAVTL,I,
GEGTGEVVL,I,
SEEERAHRL,I,
AEKLGETEKL,I,
VAEENTRVL,I,
KETGGVEKL,I,
RIMDPEIAL,I,
AAFAGRATA,I,
RLPDDDPTAV,I,
AEFVGVSHL,I,
SSVPRTAEL,I,
AEDGADPNL,I,
GEIPTYGL,I,
AEDGPGASL,I,
GEDGSGKTTL,I,
AEFHTELERL,I,
SLAKIYTEA,I,
SLSEKTVLL,I,
REFQNPPQL,I,
KEFEDKKVEL,I,
FASHVSPEV,I,
REGPFYPTL,I,
REEPDLVLL,I,
KEFPEKQEL,I,
AQAEVYKEL,I,
GLGPPGRSV,I,
RLPEAIEEV,I,
AAFPGASL,I,
SEEDRVVVI,I,
AAGPGFSL,I,
GLYSGVTTV,I,
MVIVPTREL,I,
AEEVGVEHL,I,
SLHDAIMIV,I,
VEERPRTTL,I,
IIVDPAREL,I,
SAAPGTASL,I,
SLDGAPIGV,I,
SEILDGNQL,I,
GETGLGKSTL,I,
KEDPTSFRL,I,
FANGRSTGL,I,
GEVPFNHEIL,I,
YELPDGQVI,I,
GIPPAPRGV,I,
IEMNEPVQL,I,
AEANHFIDL,I,
ALGPTGRGV,I,
FLLPHSSRL,I,
REVQTNDL,I,
TVLERVEGA,I,
KEVNFTSEL,I,
REHVEAIKI,I,
LLPPPPRVGG,I,
GALGGSRAL,I,
HETVTIEL,I,
VADERTRIL,I,
NLDPAVHEV,I,
AESHPSSNLL,I,
SIDERMKKL,I,
YTIPPGHQV,I,
LEHVPDTVL,I,
ALSPNNHEV,I,
KINEAIVAV,I,
GEVPFNHEI,I,
KEAEKSPQL,I,
KEGLPTRAL,I,
SMSADVPLV,I,
KAMELIREL,I,
REPVQLETL,I,
GAVDPLLAL,I,
RENGQEILL,I,
IEYAKPTRL,I,
KVGPVPVLV,I,
AAAPGSRSL,I,
GESAVGKSSL,I,
AAAAAAAAL,I,
TTFPRPVTV,I,
KITEDFRAL,I,
IEEPSAKINVL,I,
LLMTSLTES,I,
EETQPPVAL,I,
MQYPGRSL,I,
AEINNIIKI,I,
SSAVPGTAL,I,
KEIEKDLRL,I,
REGDLLTKERL,I,
REDYPQKEIL,I,
FIAPSGHGL,I,
RLAVYIDKV,I,
GENSRNSIL,I,
SAAGPGFSL,I,
GEAPVPASV,I,
NMVAKVDEV,I,
AEFPLDPQL,I,
KETTIDGEEL,I,
KEEMGIGGVL,I,
REIGGIKEL,I,
VAEPNRRVL,I,
SEISSATKL,I,
AAEDAIRNL,I,
HEEQKSVRL,I,
RLNKVISEL,I,
REIEGRAIRL,I,
SEDRRQDLL,I,
GQIEVVPEV,I,
SVAGKIHTV,I,
EEEPGIHSL,I,
REFPEAEAL,I,
GEIVTEEHL,I,
GEISTIDKV,I,
GEGGSFGEL,I,
SEEPPGTEL,I,
TLPPESTQV,I,
KEVDPSTGEL,I,
AEFDTPGHTL,I,
REEPSNPFL,I,
SAMSNPRAM,I,
KLSEMSVTL,I,
TAFPQRTEL,I,
AEIPGVRSV,I,
GELIRPTTL,I,
REHDIAIKF,I,
HEGGPDSKL,I,
REEVGNISI,I,
SQDPGTHVV,I,
GEAIDRSLL,I,
RQFDHPHIV,I,
EVFKAAAVPV,I,
RAMEGELGEL,I,
NEFIDASRL,I,
REIEGDLLL,I,
GEHIIAGAGEL,I,
GLGAAAAAL,I,
REVLPSTRL,I,
SEEPAGQIL,I,
FQDPVPLTV,I,
RETHEIVAL,I,
ALLEGVNTV,I,
GATGATLYL,I,
RELEETNQKL,I,
ALAPGVRAV,I,
TAAPPAQPL,I,
SAAPPGLEA,I,
KEPSGGGGTAL,I,
AASGGAKEL,I,
NEIVTLERL,I,
AAAAGGLAL,I,
IEGPIIKL,I,
REIDERNRP,I,
AERRQDIVL,I,
YIDEGRLVL,I,
SEFPAARL,I,
RLKGQIPEI,I,
SLDTQPKKV,I,
RETSMVHEL,I,
KEVDPSTGELQSL,I,
SILEDPPSI,I,
SESLPVRTL,I,
IADPRGNTL,I,
VILPTVHEV,I,
GEVQGDNKL,I,
TESTARVEL,I,
IEPGVSVSL,I,
FIEGGRTV,I,
TINGHNAEV,I,
IEEERPIRL,I,
GLDIPTVQV,I,
SLLDPVPEV,I,
VMAPRTVLL,I,
HEIHDPQHL,I,
GETSTDLKL,I,
AEAGAEARL,I,
FESSPDPEL,I,
AAVPRAAFL,I,
VGDPGQRTL,I,
VLIDYQRNV,I,
SEEGLRNAL,I,
GEVDDGARKL,I,
FLDNERHEV,I,
REGGSIPVTL,I,
REAYPEEAYI,I,
AEVDTRESL,I,
AEIDSIHQL,I,
REKEIKSEL,I,
REDSKPHSL,I,
KEIYNEKELL,I,
AEAGSRMDKL,I,
KELEANVL,I,
HEGTDVIML,I,
AEFKEAFQL,I,
SAQTGARAL,I,
SEIPDEVKL,I,
RTFEKIEEV,I,
REDEKPLVL,I,
EIDKEEHL,I,
TEIGKDVIGL,I,
NAEPEPRSL,I,
YSIGPNSKL,I,
GEIVEKIGV,I,
REPDQTFSL,I,
AEFLPDPSAL,I,
GELEKDPKL,I,
TETEPPVAL,I,
AEQPSVKL,I,
REATSTPEI,I,
LADPENRQL,I,
GEYAVHVL,I,
AAAPVPTTTL,I,
GLKNGVPAV,I,
KAVNPGRSL,I,
GELPAGGGL,I,
LADPSAKAV,I,
GELHGHFML,I,
HEPKLKVDL,I,
AESLPPPTL,I,
SVLGAITSV,I,
REGEGGLSL,I,
SEEERATRL,I,
KELERQRL,I,
VEDRSGILTL,I,
AEDRSGINL,I,
KIGEGTYGV,I,
SEIRGDVTI,I,
SEFLKEEKL,I,
SLFGGSVKL,I,
GEPGHGGDPGL,I,
KEAQPVVVI,I,
FVDDYTVRV,I,
GEPEKLGQAL,I,
REYQDLLNV,I,
EEEKFPTQL,I,
GAPPAARAP,I,
RLDDAIHVL,I,
KEGPEGANL,I,
KESGNSIVL,I,
AGAPAGQAL,I,
REAEVLPGL,I,
REPELGLEEL,I,
KEIGADLVL,I,
NLMEQPIKV,I,
SEFGAPVSV,I,
EEEPLHTIL,I,
KELGITAL,I,
AEPRGTITL,I,
GEGEPVTL,I,
REAGIQPSL,I,
GEKLPDVVL,I,
KEAAGEGPAL,I,
HESAVTGLSL,I,
KEAPNIVTL,I,
RLPPPFPGL,I,
GLSTEGIYRV,I,
REGGPGSSL,I,
RELGLPEEL,I,
GLDDIKDLKV,I,
SASGPHSSL,I,
KMDDIVVVA,I,
AENPDTPAL,I,
AEEPSRAVL,I,
QEFGADVRL,I,
GEYSGIEHV,I,
AESSPDPQAL,I,
KESLDQIIV,I,
SLLSHVEQL,I,
KESTAIIKL,I,
GEFDPSKERL,I,
SENPGEISL,I,
SEAVFKEEL,I,
SEDPDQQYL,I,
KEFDGKSLVSV,I,
SLAERVDRL,I,
VGMSPSSSL,I,
GEDGAGKTSL,I,
AEYKKKEEL,I,
AEIKDIGHL,I,
KETPDKVEL,I,
VVAPAGITL,I,
KEIEVGGGRKA,I,
FEHPNVVRL,I,
KLNDLIQRL,I,
KTLEGEFSV,I,
AEERPRIAL,I,
SLPEELNRV,I,
VEERPAVSL,I,
KEDEDDKTVL,I,
KVFDPVPVGV,I,
AAEKGVRTL,I,
GERRQDIVL,I,
SLDPKTNTL,I,
AASPSGSQL,I,
LEFLDRESI,I,
KEYIQPVQL,I,
GEFSEPVTL,I,
RETQGIEKL,I,
IIHDPGRGAPL,I,
KEKPGSEVL,I,
KEERGIARL,I,
GEIIGVKVL,I,
SAQTTSHEL,I,
REAPAEGKRL,I,
AEERRDVSL,I,
REFSKEPEL,I,
NEASVLHNL,I,
TLDAGNIKL,I,
KESSGLVLL,I,
VAVEPGAAV,I,
VEAGDAIAL,I,
RELEKLFQL,I,
KEEPVAPEL,I,
HLNSHVRQV,I,
SEFSGDVDSL,I,
RVSDINFTL,I,
KMAEMLVEL,I,
ASTPVAREL,I,
SEAPEAPLL,I,
TLTGKTITL,I,
REGSPVLL,I,
REAGDEFEL,I,
MRYFFTSVSRPGR,I,
VLAPTREL,I,
IESNHPIVL,I,
LIISPTREL,I,
GENVRGELL,I,
VEEGKISTSL,I,
SLLDKIIGA,I,
ILMEHIHKL,I,
GEVSARQEL,I,
SAVPSATSL,I,
HLDTDVKRV,I,
KEDSHPFDL,I,
KELPEYYEL,I,
SAVEPKTAL,I,
RAAEPLLTL,I,
GEDTPVTKL,I,
ALDSTNVEA,I,
RQPDSGISSI,I,
SEKGGEELL,I,
HEDPVIAVF,I,
TEHPVPIIL,I,
SESPGATEL,I,
AALGGALAL,I,
KEIDKEEH,I,
AEAPAGPAL,I,
IVIDPKNPL,I,
IEKEGEFTL,I,
TEKAKEERL,I,
KEIGELTQL,I,
AVIGDVIRV,I,
TSVSRPGR,I,
GEISDIHTKL,I,
IIVGNPKAL,I,
REELSNVL,I,
GEAAPAPGL,I,
SEAPSQPSL,I,
SLLKRLRKA,I,
NEVIVGNDQL,I,
REDGSIVIV,I,
GEEGYGRSL,I,
LLPEGPPAI,I,
FTDAERRSV,I,
ILEKKVEKV,I,
HEHRLPHVL,I,
GEIIPRSIL,I,
AEGKGDVIL,I,
REVGIPPEQSL,I,
GEERATAISL,I,
GLDPARVNV,I,
SEHPNVVL,I,
TEKPDTVQL,I,
GEIKSHDL,I,
TTLEQPPSV,I,
VEGDPIVAL,I,
HINDSAPEV,I,
EIDKNDHL,I,
SEDGDAHVLL,I,
AEEPRGSSL,I,
ADPKTDHRL,I,
HEPFNDPAL,I,
AEHFLEQQM,I,
TETPSPVL,I,
FADQEVRSL,I,
GEISSPVI,I,
VANPVPASL,I,
YLAPHVRTL,I,
KEGEEQPVL,I,
AESGAKEEL,I,
GEAKTDPAGL,I,
KLGPEGELL,I,
SESHPNSNLL,I,
AAGRPLEL,I,
TIDPIPHQL,I,
RAQRPRLQL,I,
RAVPVGSGL,I,
AAGPGAAL,I,
GAEGPTRTL,I,
AELEDQNKL,I,
TLDEKIEKV,I,
AEFGPDSGGRV,I,
REMNTEAEKL,I,
REPSNPERL,I,
RAIPNNQVL,I,
GELITQREL,I,
GEDPYPHKF,I,
AEYMPIKL,I,
ALRDVSEEL,I,
GEDREATGVLL,I,
TEEGQKIVL,I,
AVIPPGTGM,I,
SEPEIPEPSL,I,
KLCEGFNEV,I,
REKQPMVPESL,I,
KQVEEIFNL,I,
TLYEHNNEL,I,
TLFPSKIGV,I,
KEAFAKVDL,I,
REKLDKIGL,I,
AEVDKLELM,I,
SEDRSVQEVL,I,
GEEPGSQGL,I,
REVEIQSHL,I,
KTIETSPSL,I,
GEEVEVHNL,I,
TEDDEYVRL,I,
REIDGGLETL,I,
HEAEVLKQL,I,
RELVEKNSQL,I,
GEPIGRGTKVIL,I,
AEEPAGTSL,I,
KEIFLRELI,I,
RLAPEIITA,I,
SETRVLVDI,I,
REPFPDGAEL,I,
YTSPNVRSL,I,
RMVGQVLGA,I,
AEHERELAL,I,
KEFKGDEIL,I,
TSVPPGSAL,I,
SAGEPRVL,I,
FAEGQGRAL,I,
REAEAAIYHL,I,
REVSEEHNLL,I,
SLFPGKLEV,I,
FGIDRPAEL,I,
REENKQIAL,I,
AAAPVVPAV,I,
KLDETGNSL,I,
GEITGEVHM,I,
VVKPPGSSL,I,
AVIEHLERL,I,
REVEARYAL,I,
GEMVALPPV,I,
VTDHNLHEL,I,
REVSEEHNL,I,
TVADKIHSV,I,
KMADIEYRL,I,
REFDYVINDL,I,
GEAGPGGAL,I,
SEVQGMVEL,I,
SADERQRML,I,
GEVVEKLIRGL,I,
RSAPVSKTL,I,
ALFPERITV,I,
NVIERLQEA,I,
SEPSSTVSL,I,
RLDPHTLEV,I,
SESDKTAVL,I,
AEFEKIQKL,I,
GETLPEQHL,I,
AAIHPSLEI,I,
SEDKKNIIL,I,
AETDPGMVHL,I,
FAVVPSTAT,I,
GEAPSKTL,I,
KEWMPVTKL,I,
GEDGRMIAGQVL,I,
HEVRIQPSL,I,
SAAQPGVAF,I,
RLDETIQAI,I,
TESGLNVTL,I,
SLDQPTQTV,I,
REAGAGGLAI,I,
KEGGFPQEL,I,
AEFQEHEHAL,I,
REAPNPIHL,I,
MSSPLSKEL,I,
NSDPNLHLL,I,
RELIPRSIL,I,
SLTGRLDEV,I,
TAGRVLEL,I,
REYRPEYERL,I,
AENGLTVRL,I,
SEDGQPMVL,I,
KEEEPSVKL,I,
RLDDVSNDV,I,
KEINQNVEI,I,
KLGPAPKTL,I,
AEIDDRKQL,I,
SEAAPDPSL,I,
AAAPSPVL,I,
GELSIQPSL,I,
KEIELPSGQL,I,
GEDTIRQAF,I,
GEYLPSKGAGNNVL,I,
ALSKEGIVAL,I,
VEWNKKEEL,I,
KIWDPVHRV,I,
ALSDGVHKI,I,
KEFGDDKVQL,I,
GAIGSGTGI,I,
ALAPHLDDA,I,
GEYEKGVDHL,I,
RAIDSIHQL,I,
KIDDTIRYL,I,
GEGPLDVRL,I,
KVFDEVIEV,I,
TEDIPVKTL,I,
KEAGSIVRL,I,
VATEKAVEL,I,
SEEERQVGL,I,
TCGGVRNV,I,
KEKVEPEVL,I,
KMMDVTVTI,I,
RATPHPSEL,I,
REDTSLPSL,I,
VEHDHPHAL,I,
AAIPGSRAV,I,
GETVADVRTL,I,
ATIPYHPSL,I,
REGDLTNLL,I,
GENRGPILL,I,
REQEEIVRL,I,
ALGDIREV,I,
LTDPDIHVL,I,
RAGGPTTPL,I,
VEFNHSGELL,I,
YGPGLTHGV,I,
NLPEAGDSRV,I,
GENEDLLKL,I,
KESDHIHII,I,
GEIRTITVV,I,
KEMNPLPTQL,I,
REGDPVSL,I,
SLADLNSRL,I,
GEFSLRGKEL,I,
SEQGGVLLL,I,
REFNEEGAL,I,
LILTPTREL,I,
IASSRSVDL,I,
KEQITISQL,I,
GVIQPGRGF,I,
SSGKNVTL,I,
LLKARLVPA,I,
REGQSAPLL,I,
RETVIKQTM,I,
AEIEDIRVL,I,
FEDEKPALL,I,
REDMIDIKL,I,
HELNEEIGKL,I,
ALNEKLVNL,I,
AEASMISKL,I,
KLDQDLNEV,I,
AEVCPTPARL,I,
RATPHFSGL,I,
REVDPDGRRTL,I,
REESESVLTL,I,
ILDDIGHGV,I,
SVGTQPPAV,I,
REAEFTKSI,I,
AEDPLVQSL,I,
GEGPDGDVKL,I,
SEPSQHVVL,I,
KEIEDFDSL,I,
GTIGLIHAV,I,
SEERPPAQAL,I,
SAAPSPAAL,I,
KLLEGEESRISL,I,
REFDGTEVL,I,
AEAPPSVAP,I,
KEYVQPVQL,I,
GLIEKNIEL,I,
SEVVDVAKL,I,
GEDKGIKAL,I,
AEPVVREGL,I,
REGRPIWQL,I,
AESEDGKLTL,I,
GESHVSGTTTL,I,
REAPPSPLTSL,I,
KELYVPENKL,I,
TVIRDPPSI,I,
ALIEVGEGV,I,
TLTSKLYSL,I,
FEAPDQKTL,I,
AAAPASGAL,I,
FTVPDTREL,I,
AEEHSIATL,I,
SEPDAVHVVL,I,
VGDPSVHLL,I,
REIAEVNKKL,I,
SEKVSHVL,I,
GEGPGVDL,I,
RELVPRSIL,I,
GESIPIRL,I,
GAAGALEL,I,
IAAPTSSAL,I,
KEVEEISLL,I,
AEAAALEVL,I,
AEEPHALEL,I,
KILQELPSV,I,
SASQPGSHL,I,
SEIPSDPKL,I,
RLAEDVVTF,I,
IEFSDKESV,I,
FANSRDTSF,I,
AEVGVPVSV,I,
GESGKSTIV,I,
SMLEDVQRA,I,
REYQDLLNVKM,I,
RLGVISKV,I,
REVSSPTGTGL,I,
KEYSDDKVQL,I,
LLGPPPVGV,I,
SQVPRSSSM,I,
SLMDPDTKL,I,
REFPEADAEKL,I,
KEMEQLLEM,I,
VVVAVGRAL,I,
RTMENLVEL,I,
KEPPPQPPL,I,
SEGPHHVAL,I,
YEDATKITV,I,
SEESALNHL,I,
RTNRPPLSL,I,
KAEDSARTL,I,
AAFGKSPEI,I,
YEIHDGMNL,I,
ITSEGRSL,I,
REKEPDLKL,I,
REAPERPSL,I,
ATVHPGLEL,I,
VSPPDNPQV,I,
AEKGVRTL,I,
HEDKIRVVL,I,
GEHTPSAL,I,
GETGPNVGL,I,
SEPHILETL,I,
RLIDPQTQV,I,
KEMQPTHPIRL,I,
RLSEAIVTV,I,
AEDEKNTAL,I,
AVPPPPSSV,I,
SELRSVEGL,I,
QEHPSIRTL,I,
ILFGHENRV,I,
RVCEGPKAV,I,
GENRPIATL,I,
QEEPLPHEL,I,
AEVSPDAKTSL,I,
IIIPEIQKV,I,
VVDPETGRTR,I,
REPVFSEEL,I,
SAASASAAL,I,
ILLDNDHYAM,I,
KMSQVAPSL,I,
AASEEARSL,I,
RETASELLM,I,
TLNEKLTAL,I,
KESGSTLDL,I,
GEPENTYIL,I,
AEEPKARVL,I,
HEFKSNEL,I,
KMDEVLYSI,I,
KEKDNIDITL,I,
SETEGTPKL,I,
TEVSKVPSL,I,
RIQSKLYRA,I,
REEKRVLGL,I,
SVHKGFAFV,I,
KTNVGRTL,I,
KLPEKWESV,I,
VLDGRELRV,I,
RLDDLPHAL,I,
GEVGGNTL,I,
TEGEDKITL,I,
GLLERVKEL,I,
SELVPGKEEL,I,
GEAVELRSL,I,
SVAGSVERV,I,
RQADKVWRL,I,
TEISSAEKVAL,I,
KQQASQVLV,I,
SEEETRVVF,I,
AELDEKISAL,I,
AELGGQPSL,I,
GEHPPDLDL,I,
NEIPNSHIL,I,
GEEARVTQL,I,
SLLEKSLGL,I,
AEPEKAPAL,I,
RLGGIPVGV,I,
SVDSKPPVI,I,
VADPETRTV,I,
ALSGHLETV,I,
HEYKGPKADL,I,
AGIPAGGVL,I,
SESTVSPRL,I,
SEPKDVTVL,I,
SVLGKVNEI,I,
REVTPDQKLL,I,
AAYPGASGL,I,
HEPEKSFSL,I,
AEDVQHQIL,I,
LEEKDPVPL,I,
SEFYKHIVL,I,
GEIEGLNDTF,I,
RETKETHVL,I,
RETPPKSKL,I,
RELPGSTEL,I,
FKGDLETL,I,
KLHGVNINV,I,
KIIDIQEKV,I,
RESLTGPPYL,I,
EEIGQHPSL,I,
AAAAAAASL,I,
AAGPALAL,I,
SLADIAQKL,I,
ALAGDQPSV,I,
REATGVLL,I,
RESNEVVHL,I,
AVEMPSRTL,I,
GESGILGKDGL,I,
GEISGTIAI,I,
SVDGVIKEV,I,
AATGATPIA,I,
RQDPGTELL,I,
KEIKEVIEL,I,
AETEKQVAL,I,
SAAPEGVPL,I,
TLVYHVVGV,I,
KEAEFLQKL,I,
NMVDIIHSV,I,
HEQEEIFKL,I,
SEVIGPVSL,I,
GEADPSIQL,I,
KEYDGVVVV,I,
KEEELQAAL,I,
RENAGVDPTL,I,
TEAAHPIRL,I,
REAVVNTQELL,I,
TLITDGMRSV,I,
SEGKPSLTL,I,
KELDPIQKL,I,
KEFNEPRVL,I,
RELENLIGI,I,
HESPAVKL,I,
SLLDSCTKL,I,
KEEPSNNVKL,I,
GEIVSTPRL,I,
KEFSEENVL,I,
REVEPAFQL,I,
FSEEDYRTL,I,
HEDFVVEL,I,
AEHRTPDVL,I,
REYEPDHNL,I,
KELGSSTNAL,I,
IEGPDAKL,I,
RLAHYIDRV,I,
SEHSSINVL,I,
YLHDQNPDA,I,
RLQESVMEA,I,
VMAPRTLLL,I,
AAAYPHTSL,I,
GADPGSRGL,I,
AVTSPGQAL,I,
TEDGGNGIKL,I,
AESDTDVKL,I,
TLLHAGGLARA,I,
KEDVNEAIRL,I,
SIAEVVHQL,I,
REDAPIGPHL,I,
TAAAVGAVF,I,
IEEERNVPL,I,
FSVTGRVL,I,
AEIEPPHHEL,I,
FAKPENIDL,I,
NLDNPIQTV,I,
EEIRDVSNL,I,
GQDVGRYQV,I,
REDPIGAGAL,I,
GETQPQRL,I,
AEDLPPNTL,I,
AAATGGSVL,I,
AELEGRQEEL,I,
AMAASPHAV,I,
AEAPSQVRL,I,
LAVDPNRAV,I,
REEAGGGFSL,I,
KEVDVSKQL,I,
TSSSPGSPL,I,
VEHPEVARL,I,
KLFEFMHET,I,
NLYPFVKTV,I,
SATSVHTSV,I,
REKVTEVAL,I,
REGHEEMVAL,I,
REYHTDTTV,I,
KIQEILTQV,I,
KETEIVKKL,I,
REGETIIEL,I,
KEFLPEGQDI,I,
SEAFPSRAL,I,
AESGVERQVL,I,
GELFSSPHL,I,
VIAEILRGV,I,
GELFPDRAL,I,
EIKDGERL,I,
HEAEEGSKL,I,
KEMGTPDVRI,I,
REFLSEPDL,I,
RLDSTGVNV,I,
KATPQVPVL,I,
EEFRASEL,I,
KEVEELEQL,I,
IEQSTGIRL,I,
KEIDPTSIPTAI,I,
AEAEGLSGTTL,I,
KLDETGVAL,I,
FNDGSSREL,I,
GEVEGRAGL,I,
REIFKPRQL,I,
TVADHIQKV,I,
FGPDSGGRV,I,
AAIGPAKEL,I,
PIGRGTKVIL,I,
REFTYKHDEL,I,
TLSGHSQEV,I,
TESDTAVRL,I,
NQMPTQPQV,I,
REKDDANFKL,I,
KEFLSRSDQL,I,
AEGAPGAGL,I,
SSKTGIPL,I,
SEDKGALAKL,I,
VLGKVNEI,I,
IEFVADRL,I,
REMEALQSL,I,
QEIDGKSLL,I,
SMMDPNHFL,I,
KEFNEDGAL,I,
YLENGKETL,I,
REHIKVQQL,I,
FQPEANPSHL,I,
VAKVGVSM,I,
REAVIQQEL,I,
REVENPQNQL,I,
TLYEAVREV,I,
IEFKETQAL,I,
TEALPENRL,I,
LAAGPGPSLG,I,
TEHPRSTEL,I,
SEDAEKKVL,I,
KAPPAPLAA,I,
HEIQSDVL,I,
KEQEDIVVL,I,
KEFEGKTL,I,
HEDVDTTML,I,
KEIHIQPHL,I,
SEEDRATVL,I,
RETSSDVAL,I,
TEFGHPAAI,I,
AEDTGVRVEL,I,
AAFDTKTGL,I,
GEAHQAETEVL,I,
GLIDENPGL,I,
GEELGRLKL,I,
KEVEQFTQV,I,
REKQSKFIL,I,
AENKESEAL,I,
AVIDVGINRV,I,
KAISGVHTV,I,
REIQKVTKL,I,
YAGSGNVL,I,
ASSPKFSEL,I,
GEIQAGAKL,I,
SEAKSNEL,I,
KENSPEKFAL,I,
RVPPPPQSV,I,
AEFHQIEGV,I,
RSNEHIREL,I,
AEDKPSTDL,I,
REGDYIVSI,I,
REAEDTQVF,I,
FAEDSLRVI,I,
IEESSKPVRL,I,
KEGLGNEVL,I,
KEEKQKLIL,I,
GLAAGGIVAV,I,
REDISSIEI,I,
AADPQIRQF,I,
ALLDRIVSV,I,
AEKGPMIVL,I,
AIQDEIRSV,I,
HEDPGQATL,I,
REVDEIDEI,I,
REEVTAVVL,I,
SAAMPGASL,I,
GEVPKFKAL,I,
TAAHGLEL,I,
KETGDIKEL,I,
AQAPDLQRV,I,
GESGLGKSTL,I,
GELQKAIDL,I,
GEDIVTKL,I,
AEGRIIDVI,I,
KEGLPVAL,I,
TEIDPINAL,I,
NVPDVYTQI,I,
HEVMEQQTL,I,
SESSPNHSL,I,
KEGPSPKV,I,
KVLDKVFRA,I,
NIVERVKEV,I,
REEVRGREL,I,
RLTPKLMEV,I,
SALYGRAL,I,
ALAPSTMKI,I,
REDAGEVTF,I,
NIVEKLREV,I,
GEAVDRSLL,I,
REYDVPYHI,I,
REVWPEGDVF,I,
SLAEEHEGL,I,
SEENITIKL,I,
SLLDDLHSA,I,
SLYGGTITI,I,
REVGQLIGL,I,
KEVERILGL,I,
RVMEYINRL,I,
ISLEGKPL,I,
SSAPPLSEL,I,
REVPIPEHI,I,
SESRIFNEL,I,
HAIPPTLAM,I,
GEVAPLPTL,I,
FTQDTRSL,I,
HESGASIKI,I,
RLQEELEKL,I,
TEIDGRSISL,I,
ALAPAPAEV,I,
YAEVGRVLL,I,
QLDDLKVEL,I,
ILAQEIVKA,I,
LASPPAASA,I,
KLVDPERDMSL,I,
SEIDESVKL,I,
NESVVKEML,I,
SEEELPTRL,I,
HEFSREPSL,I,
LDTQPKKV,I,
RELREVIEL,I,
FTDSGRQSV,I,
REFWAKPKP,I,
RTLENPVNV,I,
RLGPVPPGL,I,
IAFPKAEEL,I,
GEEGDLKTSL,I,
KLFDRPQEL,I,
NEFKEKGIGTL,I,
KMLEIDPQKV,I,
VESIISPKV,I,
NEVPRPVTL,I,
RENHEPERL,I,
WADPTGTRKL,I,
AEAAEKGDVGL,I,
KESAAINQI,I,
YEVVDKDSI,I,
GEGEGSKTAL,I,
GLSERDINL,I,
GEVGHHIDL,I,
AETGQVQKI,I,
LSVLPGSRA,I,
AGPPAAAEV,I,
KEFAQIIKI,I,
RAYEPQEL,I,
TEEPGTGVRL,I,
REEEAKSEL,I,
AEITKEQRL,I,
HEHPESTRI,I,
SERLDPGL,I,
AEFQRDIML,I,
GVIEPNKEL,I,
TEEKLTPVL,I,
AVSEGTKAV,I,
LLAPRPVAV,I,
QEEKPEPVL,I,
KEIVAEAERL,I,
TEIEDSHTL,I,
KLGDIMGV,I,
KETGATIKL,I,
RMIDIQTRM,I,
KLEDLLRKV,I,
HEVSGETVVF,I,
REATGKITF,I,
SLSGELREV,I,
FLTDREVRL,I,
KEQDIYTHL,I,
TAVPAASAL,I,
SEEVSRSEL,I,
REDYIEPAL,I,
AAAAAAATM,I,
FLEKESAIV,I,
KLEEIIHQI,I,
SLVGKLEGT,I,
REAEQSNVAL,I,
HEIEDGVEF,I,
VAQELPTTL,I,
AEVGAAETTL,I,
SEAERVSEL,I,
TEIPDTQEM,I,
AEAEAVAAL,I,
KEEVSRQEL,I,
HEDVDGRTAL,I,
KEIEDRQKL,I,
AEYDRPNLL,I,
KEIELPSGQLM,I,
RTLETLIRL,I,
RESPQLAEL,I,
GEAIDSRSL,I,
RVPETAPEV,I,
KENDPSVRL,I,
VIIKPSEL,I,
YMEEIYHRI,I,
GEEAKPIIL,I,
KETGTPISM,I,
RLLDSLPREA,I,
RELAGHTGYL,I,
RETQAINSSL,I,
AAEESLRSL,I,
AEAEHKIDL,I,
RLDELGGVYL,I,
GLFQGKTPL,I,
IAEERDKRL,I,
KLLPENNVL,I,
KEASTTVRV,I,
NLAEKPKTV,I,
NEVFNDVRL,I,
GESAETRALL,I,
KETEDINTL,I,
RTFLRPPKV,I,
TGHTGSVL,I,
RVLPPSALQSV,I,
REFDTSPGL,I,
AEEKAAVTSL,I,
REIESSPQYRL,I,
ALYDATYET,I,
AEGPTRTL,I,
GEEGRPGKKL,I,
SEVGKTPTL,I,
FLDPAQRDL,I,
TEIDEKEYI,I,
AEDALTTKL,I,
YAVEGRDL,I,
RDIDEVSSL,I,
VLNPETTVV,I,
AETRAGLTL,I,
LLLAAPAQA,I,
YLGDVSERV,I,
GEVGATSAL,I,
SEFREGIVV,I,
SVFGQVERA,I,
VAGPTGRDL,I,
AEAERDQPL,I,
SAYERSLGG,I,
REVIQSDSL,I,
RMAPALSGA,I,
AEVPEPAAPSRL,I,
REAPVPSLHL,I,
SEIGDASRV,I,
AESPTPQAL,I,
AEGPPAASL,I,
GEENGAHTI,I,
SAEYHRKAL,I,
AMSNLVPPVE,I,
HEDVKKALL,I,
VEERNTISL,I,
SLTGHISTV,I,
VAIIARTDL,I,
REEEGIQL,I,
RLLEATSYL,I,
SLLENIAKA,I,
REIESSPQY,I,
READGTEKL,I,
REAEQEPEL,I,
KAADGNTAL,I,
SEFHPNPDVL,I,
SETEPEPVTL,I,
TAASEPRPL,I,
AATEIVERV,I,
GEERPIGHL,I,
GEIKNIHLNL,I,
SEKDVQTAL,I,
AETGKVVII,I,
SEFSDVDKL,I,
REVTPDQKL,I,
NSATGVPTV,I,
RLAEVVHEL,I,
SEVGKEEFL,I,
ALSDHHIYL,I,
KEVAELTRL,I,
REAEETQSTL,I,
AICPNNHEV,I,
KEINEKSNIL,I,
GMLPDPKNV,I,
RERGITLDL,I,
HEGHITSDL,I,
LAAARLAAA,I,
ILIDPFHKA,I,
REDDPGEAASM,I,
KESTAEKDEL,I,
AEEPKPQQL,I,
HEVPEKTSI,I,
REEQSHPARL,I,
KLDDTYIKA,I,
SEDEVKLAL,I,
RELECIREI,I,
KVIDEIYRV,I,
SEERFRPSL,I,
AEAATPYGI,I,
ALPDQGIAKA,I,
KEYDSISRL,I,
HEIDGKALL,I,
RLAQHITYV,I,
REAEPIPKM,I,
AGIESHSEL,I,
KEVDPSTGELQ,I,
AEHADTVQL,I,
REWTGIDRL,I,
REIDPDQPK,I,
AEGGGRIVL,I,
REPVAQPGL,I,
YTIPAHQNL,I,
YEEMYPPEI,I,
VDVEQHTL,I,
RENNEQPTL,I,
SELKSTEL,I,
GEAGPIHHL,I,
GLDRLNVTV,I,
KEKDFSPEAL,I,
RLNDFASTV,I,
KEHPVKQEL,I,
ILGIQPPSV,I,
KIMEQSPDM,I,
VDDGARKL,I,
AEAPGGELM,I,
RVDPNGSRYLL,I,
REAELQAVL,I,
YAAEGQKL,I,
ALGKILSV,I,
KMWDPHNDPNA,I,
GLDPGKQIKL,I,
AAAAAAAAV,I,
LLPPPMKEL,I,
TLFPGKVHSL,I,
KVIDYVPGI,I,
VIDGEFKEL,I,
SVIIPGMTL,I,
KESAAINQIL,I,
MEAPAAGL,I,
YTFDPVTKV,I,
RLVPSVNGV,I,
HEDLGHVAL,I,
KETGANLAI,I,
AALPKATIL,I,
FEEKSGRTFL,I,
AEGPPIVTL,I,
REEEANVVL,I,
TVGDKYMTV,I,
ILDEHVQRV,I,
GEDPDKRISI,I,
KEIPDEISI,I,
REQHDAQVRL,I,
SVVPDVRSV,I,
AEGIPAHVI,I,
REQELHNLL,I,
YLGRLAHEV,I,
KEMQDVQGAL,I,
AEYGEIKNIHL,I,
KLDHVVTII,I,
REAEALLQL,I,
YEDPQHHPL,I,
KEALPVSL,I,
TLTEGVTRL,I,
KILPDLNTV,I,
FLDPNNIPKA,I,
AIQDKLFQV,I,
ALIGQCIHI,I,
NEEDSKIEL,I,
QEKLPDEVVL,I,
KEACPTGLY,I,
AAEVGSAL,I,
HEFHSPAL,I,
VSDSGAHVL,I,
SLADLMPRV,I,
AEAKPELSL,I,
YLDPNQRDL,I,
TEVDMKEVEL,I,
MEYGGEKSL,I,
REKENVTVL,I,
AEARSTPGP,I,
YGYGHESEL,I,
KLIKGVERL,I,
SIIEKSDSL,I,
KQVSDLISV,I,
REEEDITVL,I,
VEVPEAQQL,I,
TELQDPHSL,I,
REAPEELL,I,
RSMEVSTQL,I,
REAEAYTGL,I,
GIIHVISRP,I,
KLMDLDVEQL,I,
SELGSMPEL,I,
RLAVYIDRV,I,
KELMGEEIL,I,
AEDRGTPSL,I,
LLAAWTARA,I,
RLLSTDPVTA,I,
KEVEAVVYL,I,
AAQAHTREL,I,
NEDNSVVSL,I,
FLAGEIRET,I,
ITVGPRGPL,I,
TLLTKPVEI,I,
KEESIVSSL,I,
GAVEKGVPL,I,
GEMKSGVPVL,I,
QEHAQEVVL,I,
FLDEKTHEL,I,
HLVPEVPTV,I,
QEDLDNPVL,I,
LLPPQPALA,I,
GTVRPGLGM,I,
RLAEPSQML,I,
LAEAGGRAL,I,
KEAETRAEF,I,
AENIPENPL,I,
SQFGPIERA,I,
ISEENFRVM,I,
REFGIADPDEIM,I,
REAVLDAHFL,I,
LAGPALEL,I,
HEYSEELEKL,I,
YAEVGRVL,I,
IVAPGTFEV,I,
GEDIPREML,I,
GEAPGAETPSL,I,
ILGPKPQGV,I,
ILDEPTNHL,I,
GLYGGVAGV,I,
QETEPSKEL,I,
KEEETLLRL,I,
KEHGPENIVM,I,
YAVEGRDLTL,I,
KIMEKIRNV,I,
KEIGDIAGV,I,
AMYPDQVQL,I,
RLGDKILQV,I,
GLAPQIHDL,I,
KLYGKPIRV,I,
REIEQVNERVL,I,
SEQTGKELL,I,
GEEEGRATV,I,
VAVGVIKAV,I,
ATDPTIHTV,I,
SLQERVDRL,I,
AEEAGKTMV,I,
FLEKEGQTV,I,
NLLPKLHIV,I,
HATDRFRSL,I,
GEDEPLHAL,I,
SSAKPGPAL,I,
RERQDNPKL,I,
NAMDGYRTL,I,
SEAGQPQAL,I,
REEEKGIEL,I,
AESPGGAGL,I,
REIAGKMDL,I,
KLLEKVRKV,I,
KEPAPDSGL,I,
AEHIESRTL,I,
AEIAEIARL,I,
GEFSDPAEL,I,
KLAEGAGIQL,I,
AEPRPPHGEL,I,
KEIESTKGEL,I,
GAVLDGREL,I,
AEDGTVVTI,I,
RIMESGSEL,I,
KEDGTLETL,I,
RELDGHVL,I,
AESPERVLL,I,
AIDEKVQAV,I,
SEFYEPEAL,I,
KLLEGEEERL,I,
RILKPGREL,I,
RLNKKVVLL,I,
REDPGTGMGSSL,I,
REFQSPDEEM,I,
IADNHTPKEL,I,
VSDEKRTEL,I,
RTIEYLEEV,I,
ATDDSLHQL,I,
RENVGIYNL,I,
LMDHTIPEV,I,
KMQETLVGL,I,
SETKTEEL,I,
SENEAGKAVL,I,
GEDKGGYVI,I,
KLTEENTTL,I,
YSDLRKESM,I,
REFIERQHA,I,
GEVTPNSL,I,
KIDDKPVKI,I,
EIEERGVKL,I,
REAKVERPSTL,I,
SLYGASPGL,I,
GEDSGARALL,I,
AEAEREREL,I,
GEFSEARE,I,
AEDKDTPAL,I,
SEAGKSTSI,I,
NEHPGGEEVL,I,
SETKDVFQL,I,
LLPAPGAAA,I,
SAAHEVEL,I,
GSHSMRYFFTS,I,
AESAPAWRL,I,
SSIDPGLSI,I,
KITEYLERV,I,
AEALATHIL,I,
SAVDVHINM,I,
ALGEPLYRV,I,
ILPKGSARV,I,
STPDHSFSL,I,
SSPEHPEL,I,
RENVAVAKL,I,
ALSDSIHTV,I,
YEENAKAEL,I,
AEAHARIHL,I,
ILDAGGHNV,I,
RLLDGAFKL,I,
AEGIVNGHTL,I,
SSEFPAARL,I,
KMIEDLQNEL,I,
REIAQEFKTDL,I,
REQPSSTVL,I,
READFKETL,I,
AAVDRTTEL,I,
FSSVSVAR,I,
AEVGDGTTSV,I,
GESEDLASRL,I,
ALSSSSIRV,I,
SEYITHEI,I,
KLNPQQFEV,I,
KQYGNEVFL,I,
GQTGVIRSV,I,
RVPPPPPIA,I,
REDGGTLGVF,I,
YADRVKEL,I,
GEISRQSIL,I,
TLAGDVHIV,I,
NEDWENPQL,I,
RLGPSVVGL,I,
KEKRPDLYAL,I,
IEVENKEVL,I,
SEHELDVAL,I,
GEDLEKVTL,I,
ASADTGRDL,I,
GEIPTLKTL,I,
KILDLETQL,I,
IMLEALERV,I,
KLAEGVLDV,I,
ALLGDLTKA,I,
GELEYATKI,I,
SIPEKNRPL,I,
RISDVHFSV,I,
KENTPPVVI,I,
KEGFPITAL,I,
RLYTKLLNEA,I,
HEGTDSYEL,I,
REDGGTLGV,I,
HSALPNQSL,I,
SMLPTLREA,I,
RVIGDLDTV,I,
GEAGVAGAGL,I,
EAKKIERL,I,
AELHQEHDL,I,
AAANPTLAF,I,
KEDGAISTI,I,
GEDDKMPPL,I,
KILEKEIRV,I,
REAEHGYASL,I,
VEDSDKQLL,I,
LSSSVIREL,I,
KEAGSPGLAL,I,
NEAFPETKL,I,
AESPAGHSFL,I,
SEDSKSSSL,I,
KEFEVKDPEL,I,
GEAGGGAGL,I,
FSEGGERLL,I,
SEEVSKQLL,I,
EEIKEMHGL,I,
RLNEAAVTV,I,
GEESRSPSL,I,
AEALVSKGL,I,
ALADGVVSQA,I,
AEETGVHII,I,
LAEVGRVL,I,
RLPESNQTL,I,
GESEKLVRL,I,
YANSKAVTL,I,
SLWGQPAEA,I,
TLGKDHPAV,I,
SVLGSLSSV,I,
AENPGKYNIL,I,
FGDPHLRTF,I,
LDAELDAYM,I,
WAEEGQRVL,I,
STYPIKNEV,I,
AEPEADKGTVL,I,
REENEGYAKL,I,
ASIPATSAV,I,
REERQNIVL,I,
NMYGKVVTV,I,
KLDEDVKMI,I,
GLQEGTHEL,I,
AEEEGPKREL,I,
VEEERAARL,I,
SIADKIQQI,I,
AEFGAAGVNRL,I,
KEINSPNLL,I,
AEAANVTGP,I,
LMQYPGRSL,I,
GLAPKPVQV,I,
LESDFRDVL,I,
AEGPGAEGPRL,I,
SMAGVVVRA,I,
REGFFTNGL,I,
REFEELAKQL,I,
ALASEPLKV,I,
RIAGKVPGL,I,
REEAEQKRL,I,
KELTLENSEL,I,
KEQESYDNRL,I,
GESVTKLTL,I,
ALSQDIPEI,I,
KELHIQGNRL,I,
HAGPTAHEL,I,
REWTEQETL,I,
KAFSQSSSL,I,
SIIGKKGESV,I,
SESPDHYLV,I,
VEFPHSPEI,I,
ALDRQLPVS,I,
AVIEAEHTL,I,
VLYDPLKRV,I,
AELRNPEEM,I,
SEHHADLL,I,
LAEKHQKTL,I,
REIGSINL,I,
RETVNVITL,I,
AELESKTNTL,I,
SQVEILQRV,I,
RELQPKLDEL,I,
MEEIGRISI,I,
SLAETDKITL,I,
AEEGGAARL,I,
SMFGAGLTV,I,
REDSVKPGAHL,I,
AESLVAEGL,I,
REVDEQHQL,I,
GEEVDVHSL,I,
RLHDENILL,I,
ALLSGLREA,I,
RESQDTSFTTL,I,
KEEVPTPTL,I,
RLTDEQVAL,I,
SLDARTETL,I,
SLYGGNAVV,I,
ALQPEPIKV,I,
GEVGSEVHL,I,
KEGTIIRL,I,
KEMEDTQRL,I,
SLDKTSPEM,I,
SAHEPGGSL,I,
HAAHIISEL,I,
AELEDRRQL,I,
SETTAAHSL,I,
KELESVGIRL,I,
AEQDLIREL,I,
REAEAIMGL,I,
GEKLEPEKL,I,
LLEDGTFKV,I,
REAGNINQSL,I,
LAEAGVRLL,I,
AEGEIYTKL,I,
REVVFVEDV,I,
KEAGNINRSL,I,
KELYTDNQHL,I,
REFEVETERL,I,
REFQKTEDM,I,
GELDHVVEI,I,
SEDRMTLLL,I,
SEIEDVNTL,I,
GLAEEVQRL,I,
RLYQGINQL,I,
RLPDIPLRQV,I,
YEERVQAVV,I,
KEKPDIFQL,I,
RLAADDFRV,I,
KAALGRAL,I,
YEDQTKPVL,I,
YTIENPRHF,I,
AETEPIVKM,I,
VEVGEEYKL,I,
TLDEYTTRV,I,
KLFEGENEHL,I,
KSVTPASTL,I,
YSLDHISSL,I,
TEALPVKL,I,
PVEVQEVSL,I,
VEVTAGNRL,I,
GVYGDVHRV,I,
KILPTLEAV,I,
RLGQHVPTL,I,
SELTAEKL,I,
SEIEGIQSL,I,
REDLVGPEV,I,
VEANYPETL,I,
AQYDRQIRL,I,
KEIGTHIL,I,
REISDHVLRM,I,
SELFDNKSL,I,
YEEGPGKNL,I,
REKARSELL,I,
KESDRHTLL,I,
REDDKIVDL,I,
GEGKNGTIEL,I,
SEMVPGKVEL,I,
HIIENIVAV,I,
AMAEEIRRL,I,
YVGPSLRM,I,
NEVESGYHSL,I,
RMQKEITAL,I,
REASSQQGL,I,
KELALEEERL,I,
FLGPEPKSV,I,
RVAEFHTEL,I,
KEMLPHVGV,I,
VVAEKIQRI,I,
SLDKDIVAL,I,
REKDDDVVSL,I,
GETATMHIL,I,
KEDIPRQL,I,
RLQEDPPAGV,I,
AEAFAEEL,I,
RLWGEPVNL,I,
RLMNDMTAV,I,
KAWNDIKKV,I,
VLDGKVAVV,I,
RVQEAIAEV,I,
EETGDIERL,I,
AAAPPLTL,I,
TEVEIVDEKM,I,
KEAGNINTSL,I,
SEDPGTKVLL,I,
REDPDPRKV,I,
RELYGVGVEKL,I,
AEAPSHHL,I,
TLADLVHHV,I,
RLFDDVPQV,I,
KETGDPGGQLVL,I,
TEVPDFNKM,I,
KVPEIEVTV,I,
TLDENHPSI,I,
SEVPPDPML,I,
SEIPQTERM,I,
SVLPGSRAL,I,
REIQEAIAV,I,
VEEENIPAL,I,
KETGQIVAI,I,
RELTGPAVL,I,
SLAEGRLYL,I,
REISYLKKL,I,
YEVPEAAQL,I,
TEVAPAKDVTL,I,
REALKSDKL,I,
AEIRGNVL,I,
ISTEVNPKL,I,
VASPPTHAA,I,
KELNEAVAAL,I,
SEVQDRVML,I,
REAEHLYHTL,I,
KEEYLKPVL,I,
GEYLGNNRL,I,
NADPIAKYL,I,
AEKAYHEQL,I,
KELENANDLL,I,
RESNSIVKI,I,
KEFAGEDTSDL,I,
VLDSVDVRL,I,
SEDPNQAKL,I,
KEYVAPRVL,I,
REKDLEVYL,I,
RESVSKEDL,I,
KESHEMGQAL,I,
ALWEDEGVRA,I,
KISTITPQI,I,
KILEELQKV,I,
LEGQIHPEL,I,
GEHTPSALAI,I,
RQIDDILSV,I,
AVHEDIVAV,I,
GESAETRAL,I,
RELSEISERL,I,
KLSEIDVAL,I,
REAFPAHKV,I,
RLIKSFEKV,I,
VEVPDGPTL,I,
FISEFEHRV,I,
REKKPEELL,I,
GIFGGHIRSV,I,
KLDPHNHVL,I,
REDLTQVEL,I,
AEITSGESL,I,
KQFEGTVEI,I,
SEHRLSNKL,I,
TAVMPKVSL,I,
YEGSPIKVTL,I,
KESPTSVGF,I,
AILGIHNEV,I,
SEELSGGRL,I,
SEHSMDTLL,I,
GAAAAGPEL,I,
ALNEQIARL,I,
YVDPVNKVL,I,
FAEGKPLAL,I,
REFVEREVI,I,
FLYDDNQRV,I,
SLEESIRQV,I,
LAAGPSAAA,I,
FILANEHNV,I,
KIVDDPKAL,I,
NMMSGISSV,I,
GESITHAL,I,
KENVDPDSL,I,
KEAELTREL,I,
AEAPVQEEKL,I,
AILDHNPSI,I,
AVALRPAEA,I,
VEDDFSNQL,I,
AEAVSRVL,I,
AELPGQVI,I,
REVERALQL,I,
FEGHDASVL,I,
HEAEIETRI,I,
SEDAGGARL,I,
RLASYLDRV,I,
SEAPPSKMVL,I,
NADPASHEI,I,
YLTHDSPSV,I,
YLHDQNPDAAL,I,
HEAEPVRTL,I,
SEGGPELEL,I,
RMISEELVAA,I,
RLPDSGVYV,I,
KIIGIMEEV,I,
REHPGPAL,I,
SETPVDVRV,I,
SEFDTEREQL,I,
AELKSKSCSEVR,I,
REKEDLVDL,I,
GEVRTPSQL,I,
FHTELERL,I,
GEVLPDIDTL,I,
YSIVGQKL,I,
GEFSGANKEKL,I,
RLQDAIAKV,I,
AEAPGGEL,I,
KEKYPDAVYL,I,
SEILPTKETL,I,
SEAEAAKNAL,I,
KLDGSRLIKV,I,
QEAPALVRL,I,
YEMEVSQRL,I,
GLDPNKPPEL,I,
GEARHPQVSL,I,
NETNIPTVL,I,
SEAPHGGDL,I,
KLPSNLPQL,I,
REDGEKTFV,I,
HEHRGTPVGL,I,
KEVLEYNAI,I,
GETYNGHLV,I,
ALLDGRVQL,I,
SETETPKL,I,
KLPSDGKEV,I,
GEFGHIQK,I,
SELITPHAI,I,
SEVDRSNSL,I,
KELESQVSGL,I,
TEFRNIQKL,I,
AEIPEDPKL,I,
GEPHSSPEL,I,
REFLEKEEL,I,
SVLDSTAKV,I,
NEILSDPEVL,I,
FENDSEEKL,I,
TLPDGRIIKV,I,
KMYEEFLSKV,I,
KEFLDTKDL,I,
KAFPASAAL,I,
VEFGGGAEL,I,
RELVPPDTL,I,
HLDEAIHVL,I,
FIDPKKIKV,I,
AEKLGGSAVI,I,
VLMTEDIKL,I,
AEVHSEEAL,I,
REIEIQAHL,I,
KEPDSEQQPL,I,
LLDPNVKSI,I,
VLKEIVERV,I,
RLGSTVFVA,I,
TEAISVGEKL,I,
RIMEGIPTV,I,
REAETQAEI,I,
GEHERPEFI,I,
AEDDPSRTL,I,
KELDTVEVL,I,
SELMDITKL,I,
GEGDTHTAL,I,
AEAQGSTTL,I,
KEAPTAYSL,I,
QEENITRAL,I,
KLQEEIPVL,I,
SEIEGANQL,I,
EGLKFVEGV,I,
AELSNEERNLL,I,
HEGSDIEML,I,
KEIDTSTKV,I,
TLGDEPRKV,I,
SEDGAIHVI,I,
AESAQSNRL,I,
AAAVPRAAF,I,
AMPPPPPQGV,I,
EAAHPIRL,I,
AEVAATEI,I,
REDDPVRML,I,
GEAPGVVRM,I,
AEARINAQL,I,
AEATLGSGNL,I,
REPPPGNEL,I,
GENSGIGKL,I,
KLLDVVHPA,I,
REEGSPLEL,I,
RIINEPTAA,I,
KEALPDGVNI,I,
REDSPAMAL,I,
SETTQIVKL,I,
AIQEQITRV,I,
KEIDGRLKEL,I,
RERLAEDKL,I,
GERTYQELL,I,
REAEQMGNEL,I,
ATGENLPRV,I,
SEIKVPDVEL,I,
RLLEGVNQL,I,
TAVENMPSL,I,
ALDPNGTRV,I,
KENETIARL,I,
SMAPSLKEL,I,
MEEPPAVSL,I,
REASIYTGI,I,
QAGPINREM,I,
VTEEDKRTL,I,
REAGAELL,I,
RQVTGVTRV,I,
HELDQGQQL,I,
RELLPVKKF,I,
HESVGPPSL,I,
RLSETDFKV,I,
SEPGSHTIL,I,
REVQAEIGKL,I,
AEHIPSGPL,I,
AETEPERHL,I,
SAIASTKVM,I,
AMFPEGYKV,I,
REEGLSQVL,I,
REREVEERL,I,
KEGANINKSL,I,
YGFDGRGL,I,
RESPPIRAF,I,
SLYEMVSRV,I,
REIVETERM,I,
KENTIEHLL,I,
GEFSITYK,I,
GELYGKAGL,I,
AEPEHSFDGL,I,
RESDITKERI,I,
AEDGPPELL,I,
RETEDVNL,I,
HEPPDTAVL,I,
SEREDEVLL,I,
SENAYDIRL,I,
RLLDSEIKI,I,
REPPEEPGL,I,
SMYGKEELL,I,
KESATEEKL,I,
SMYGVDLHKA,I,
YLNHLEPPV,I,
AEVASEKL,I,
AEHYTETAL,I,
REVVNKDVL,I,
REMSRSVDV,I,
KIPPVSPSI,I,
GADPNATTL,I,
REVVAGSHEL,I,
TASPVIKAV,I,
HLIEPLANA,I,
TVAEKVDAV,I,
SLGEGHLSV,I,
NLAEVVERV,I,
VQYNEPLKV,I,
KEAGMQPQL,I,
NEIGSEETL,I,
KLDEHIIPL,I,
LEDAGVREL,I,
SLGVINRV,I,
GEAARDPSL,I,
AEVLVTGEQL,I,
KEGSVVVDL,I,
ALLERGYSL,I,
TLQEQLEKA,I,
KELPAVEL,I,
TEFEDTPTSQL,I,
EESNTKIDL,I,
REDQDKVAVL,I,
RLLPKVQEV,I,
SAISPKSSL,I,
SILHDVVEV,I,
REFREEESL,I,
LLQEPPRTV,I,
REIVTSEGL,I,
VLDDKLYVV,I,
VVVDPIQSV,I,
GEDYEKVKL,I,
GELRHITKL,I,
TVMKDPYKV,I,
REQERDIAL,I,
KETGTDGIL,I,
ALFEGKVQL,I,
GLSPEIHTL,I,
RMAVLNEQV,I,
KLIDDVHRL,I,
QEFEEKSGRTFL,I,
SEAPGQRAL,I,
GQAPPGKAL,I,
REIAQDFKT,I,
LATRALPEL,I,
SEDDVKMAL,I,
LDQKINEV,I,
SEMRFVQDL,I,
KLDAFVEGV,I,
TLLTDPPTA,I,
ILDDQTNKL,I,
KLAEGVQLL,I,
GEGSGSVSL,I,
SLIPTSPQV,I,
KLFDFPGRGA,I,
KEEVTPEQL,I,
GLKEGIPAL,I,
REIEGSQVTF,I,
GEDIPDFSSL,I,
VLNPHEALA,I,
VTTDIQVKV,I,
LELPDKHSL,I,
SLDERPVAV,I,
KEPEQPPAL,I,
MEVIPSTL,I,
GEVEKYQQL,I,
KLFEKVKEV,I,
GEVFIHKDK,I,
REVAPVTNF,I,
RELEGPGLL,I,
FLDEPTNHL,I,
YLHNQGIGV,I,
SEAVSHLL,I,
KEQTVQYIL,I,
REDSGTFSL,I,
GEFASIEKM,I,
GEAPPSLGP,I,
GLMADPMKV,I,
FLLAEDTKV,I,
SQIPAQPSV,I,
GEAEVRTLL,I,
FSGKSTEL,I,
EARGGGGGL,I,
AEEAGGTRL,I,
KVIDTQQKV,I,
ALAPTPSAV,I,
ELFGRTIRV,I,
AAAPAGTTF,I,
KEIEDLQRM,I,
SIDAGSKEL,I,
GENDRGVSF,I,
KMDPVAYRV,I,
REIPSHVL,I,
REIPIVHRV,I,
KTLEGIAAV,I,
LESDNNTAL,I,
RELDATATVL,I,
RLLEQKVEL,I,
REGLIKHIL,I,
GSHSMRYF,I,
GAYGGGAKL,I,
KSYTHPSSL,I,
KELEEEITL,I,
VLYDQPRHV,I,
HETGTKITI,I,
TESRQVVEL,I,
KEASDPFSL,I,
RENHQKPEL,I,
IIDDVMKEL,I,
YARLHPRAV,I,
RETDVAKKI,I,
KEHEAITKV,I,
GELPEINGKL,I,
REAFQSVVL,I,
TEAAVPKVTL,I,
AEQDLVQTL,I,
MAPPPPRSV,I,
KEGAGSSAL,I,
VIAPKITSV,I,
SALDTITTV,I,
GEIKGTPESL,I,
SAIPVSTQL,I,
IETGERERL,I,
REAAYTKRL,I,
REVGNAILF,I,
ALSGLAVRL,I,
TEVGVSGQGRDNAL,I,
QEHPELAVL,I,
SIAPRMMSV,I,
AEHPNVTL,I,
VADEQRRNL,I,
GEKKDEVYL,I,
LENDKTIKL,I,
SAAAAAAAL,I,
RETSHVTMV,I,
REHPALRSL,I,
SEDSSRHQL,I,
QEEPVQPLL,I,
GERGGGAAL,I,
GENPQRQGL,I,
AEARPFEVL,I,
DEVGPTHEL,I,
AEEKIPPSTL,I,
AEFAVLPHHSEG,I,
AEHEDFLL,I,
VIMQEVEHA,I,
KEKTEQETL,I,
TVDGSPHEL,I,
FEAQGKPEL,I,
RINIPPPSV,I,
REKLQEEML,I,
VAQGGGRAL,I,
TEAQVTQEL,I,
EEALATIRL,I,
KEEIGNVQL,I,
SMLEPVPEL,I,
ALYDENTKL,I,
SAHPEAPAL,I,
KESVAPVL,I,
AEADSEKARL,I,
AAIRGTKEL,I,
RETEPPPKAAL,I,
TEAKIKQKL,I,
KADPDHKEL,I,
NLHEGDIIL,I,
SETHPPEVAL,I,
SEVVTGSGL,I,
KEQEGFINL,I,
KELPSDFQL,I,
SESTPDVKL,I,
VAADTVKEL,I,
REEIRNIIL,I,
RLMNETTAV,I,
SEVDINTTL,I,
AQVENLITA,I,
SEARLRDVL,I,
REEDFTRIL,I,
RETILDPNL,I,
KEMVSDVDL,I,
REFEKMNQSL,I,
RELDQKTWL,I,
ASAPASRAV,I,
GEESSGHFL,I,
KESTTFIEM,I,
KEIESRVVF,I,
IANENHSTL,I,
RLNKVIKSV,I,
KETSYEEAL,I,
KAYSHPRSL,I,
GLDSPKAEV,I,
LEDQERHLL,I,
KLISELQKL,I,
FLFGYPKRL,I,
NMIPYLRKV,I,
HQVPAVSSV,I,
SEYSVHSSL,I,
ALATLIHQV,I,
AMSSKFFLV,I,
KTVEGREL,I,
KLGGVVSI,I,
GESATLRSL,I,
REDMPSIL,I,
REGHLPEIL,I,
AEDDFKKVL,I,
REGDMPIHEL,I,
GEGGTDPEL,I,
HLIHEVTKV,I,
AEARPEEL,I,
REAQEEVGL,I,
KLDPYVQRL,I,
TLTEEGVIKV,I,
FLSKQQASQV,I,
LEKIADPTL,I,
REDLEKFKAL,I,
AMGIAPPKV,I,
NEAIVKDVL,I,
IERIDGVSL,I,
REESGARINI,I,
YLDGVHTV,I,
YLSPDLSKV,I,
KLSDGVAVL,I,
GEYEDVSRV,I,
FSAESSRSL,I,
AEEYKEARL,I,
YVLPEVSKV,I,
REAQIKEKL,I,
RSAEVNLYV,I,
KEGAGVSPPL,I,
EEVNLNGSGKL,I,
REDDFNNRL,I,
REMNPNYTEF,I,
AESKVSVAV,I,
SEERFHVEL,I,
KVLERVNAV,I,
HAVFPTSSM,I,
KEAVSEVEL,I,
TEVADHIQL,I,
AEFEQKINRL,I,
AAADASPSL,I,
SLIKQIPRI,I,
KEFFSQGIHSL,I,
KSQDVRQAL,I,
YVQDRIRAL,I,
REPESEGIKL,I,
REAQVNVRM,I,
REKIQPEIL,I,
SESASPSAL,I,
TETHVERVL,I,
SEYPNVEEL,I,
REARITEKL,I,
MEDDGQPRTL,I,
GEGASVPRL,I,
AATGHTVVL,I,
KAIFTGHSA,I,
SVIDEPVRL,I,
GENDGETRAL,I,
SVLKSIQEV,I,
RLYDGLFKV,I,
AEFGPDSGGRVK,I,
VESRTTDLL,I,
KEDSGKIKL,I,
RVLDTSVAYV,I,
AIDGNNHEV,I,
RLTKHTKFV,I,
GELSGDFEKL,I,
KLMEEIREL,I,
GEVEPRGYL,I,
TLAEHIIEA,I,
AEVDKNIEL,I,
AELKSSTVGL,I,
FQESSVKEL,I,
AAPKAGPGV,I,
KVDEAVAVL,I,
SLSEEIKRL,I,
FTDAGLKEL,I,
VEIIEHGL,I,
REESNTKIDL,I,
AMAPGTVTV,I,
VEGQVPHSL,I,
SAVIPANSL,I,
RLAEVEEKL,I,
AEILGKTSL,I,
KLNATNIEL,I,
KEDSKLIAL,I,
SVVGPVKGV,I,
GTWNGTTKV,I,
AEKLPNLTHL,I,
REQGIDGETL,I,
RLIQESPTL,I,
RILDESHSI,I,
YMDAPKAAL,I,
GEISSHEL,I,
KETTYYDVL,I,
HEERVISNL,I,
RETGEPYRL,I,
LADHTVHVL,I,
GENAHNVTL,I,
LEDLDSRVL,I,
KEAEGAPQV,I,
ALAEGQLRL,I,
SETPARTL,I,
GVYGGSVHEA,I,
AEAVAGGRVL,I,
KEAPEGTFL,I,
RLQEDPPVGV,I,
KLQEFLQTL,I,
RLFDEPQLASL,I,
RELDKIKGL,I,
REAGIQPSLL,I,
ALDGKIYEL,I,
VLDLEPKAV,I,
KEVVGKDLL,I,
GEEQNKEAL,I,
KERDARTLL,I,
AEENIPASSL,I,
FEEKSIIKM,I,
KMDRALLEL,I,
TETQAEKVVL,I,
HILRPGTAL,I,
RESHTHVSV,I,
AEMPEKGAL,I,
RQFPGSHRV,I,
GEFSMDLRT,I,
AIEESVRQL,I,
LIVEPSREL,I,
REDERGNVVL,I,
KTLERSYLL,I,
REIEHLSRL,I,
SMAPGLTSV,I,
STFSGIKEL,I,
RETYEVLL,I,
FISEPARTV,I,
REIGISNPL,I,
YLPDIIKDQKA,I,
SEDDIHRSI,I,
AAVDAGMAM,I,
MEDGPIVKL,I,
KAIRPYHAL,I,
REQAQQIEL,I,
SEDLSGREL,I,
FEDGGRQSL,I,
AEGPGETVL,I,
RIFAPNHVV,I,
REELLPHLL,I,
AESPDFQL,I,
GETQDFHSL,I,
QLLGSAHEV,I,
TMMSRPPVL,I,
AESDEGKLHVL,I,
LENKDNIRL,I,
SEDSHLESL,I,
SVIPQIQKV,I,
KEISNNDKL,I,
TAVEAGRAL,I,
KEAAPGKSEL,I,
SLHDRIYVI,I,
REMENKETL,I,
SEPEEITTM,I,
KEEGAPLKL,I,
RLMDPPSNEAV,I,
AEDYGEHHL,I,
VVIGRSGEM,I,
GENKMGQLGL,I,
VAPPKAHEV,I,
RAEENIRSL,I,
AEGGKAELERL,I,
KESKTPAIL,I,
RETKSTHVF,I,
REEKPVYIL,I,
YEEVHVPAL,I,
STLEPTKSL,I,
VLDTSVAYV,I,
RELQKLPAL,I,
HSIIPRGSL,I,
KLIDPQTQV,I,
AEDPSKSYV,I,
SEARQDVDL,I,
AEVEKQTSL,I,
KEPAPDSGLL,I,
SEDLNKHVL,I,
AEQMPQHTL,I,
ALDKATVLL,I,
YLEDTDRNL,I,
HEFAENPGL,I,
KEMDLSVETL,I,
ALVQDLAKA,I,
RLPEPVHGV,I,
GAIGPSRFGL,I,
AETPEGHAV,I,
REGMDVAYL,I,
GEVDKRELI,I,
AEGPVGSTL,I,
GEAPTLADL,I,
YTAPPGPRL,I,
PAAAAAAGL,I,
SLDPNAVKAL,I,
AEKKQTEQL,I,
HESAAHAIV,I,
KEFEREKQL,I,
TEDPEKQTL,I,
KEEERLIAL,I,
YMMPVNSEV,I,
REESRPPKL,I,
KLLPEYPGV,I,
SEQSLGQKL,I,
FSEDGYRTV,I,
KEVMVDDRL,I,
SEIQNNISL,I,
REFAVVTDM,I,
SEMTDKLGL,I,
SEESRPQSL,I,
YAYDGKDYIAL,I,
SESRYPQAL,I,
FADPHSKRV,I,
VLAEIPQQV,I,
REIEELHKL,I,
GESGVGKSSL,I,
REVLKSKEL,I,
KMVDLRGAKV,I,
VGYHKHITL,I,
REPTLVTGL,I,
TEVKKIYKL,I,
SELRTGAAEGL,I,
ALNDPKMYV,I,
KVGEVTYV,I,
VEANQPVTI,I,
SEVEGGRTAL,I,
SLLEERFRV,I,
REVIPTHTV,I,
VLDEGKMKL,I,
LSDGVHKI,I,
KLAESVEKA,I,
AVEEKFRAL,I,
REITKPLRPL,I,
KENSDVIAL,I,
YILEGEPGKV,I,
REHLPVKPDTM,I,
KEAKTPREL,I,
KAISRWSSL,I,
YAVGGYTRL,I,
SEAPGGKKSL,I,
KEILSLDKL,I,
FAEDGARTV,I,
SAAPPGPPA,I,
KEDYTGKDVL,I,
REAAAAVDV,I,
AEKSEQPTL,I,
GEFGKPYFI,I,
GEDSPVSKL,I,
REEGAEGRPWAL,I,
SEFYEPNAL,I,
KEEDLKKKEL,I,
AEARGPEGL,I,
REVVETPLL,I,
RLDDNIRTV,I,
KENQKTDVL,I,
GEDAGGGAGREL,I,
RLAELERKL,I,
REDFEILKV,I,
GEDTGRVHL,I,
SISAGIPKV,I,
RVLDINPQV,I,
GEVKDFPDL,I,
RLDDLPHALSA,I,
AEYSAKIEL,I,
FTVPHTHVF,I,
KEQNSPIYI,I,
AEVSVPKEL,I,
NSHGGPAL,I,
FLLPHPGLKV,I,
KEINTNQEAL,I,
REGHLPSIL,I,
KENGIDIIM,I,
HESDVKIVA,I,
GEYSILHRL,I,
GEARLENEI,I,
LSDPTYREL,I,
KIDEKNFVV,I,
ALDKALTSV,I,
AESPVFKEL,I,
REVLRLTKL,I,
RSIETSSTL,I,
VSQVGKEL,I,
SEHLAAIEI,I,
GEVTKQTVL,I,
VLDQKEHRL,I,
REKIDQERL,I,
RYFFTSVSRPGR,I,
ALSGTLSGV,I,
AEADAIIQM,I,
GEAKKMEFL,I,
AEIENIKEL,I,
HEIAVNENF,I,
REEQAKYYEL,I,
RAYDGTTYL,I,
KLDENSAFL,I,
VTDNPREL,I,
LESEDEVKL,I,
SLQSTILGV,I,
SEYTSGHSV,I,
REGEIAQFL,I,
RVIDPKKAM,I,
KLWEAESKL,I,
LEPKPEPSL,I,
KEDNIGNQLL,I,
GLFAPVHKV,I,
SADNVRQQL,I,
FDPSKERL,I,
NLLNERVSV,I,
KEIQELEQL,I,
AELAEVRAL,I,
RELDLEENKL,I,
SAFGGAARL,I,
GAVGSVTAM,I,
RLDEARQML,I,
GESERQLRL,I,
RLDEAAQRL,I,
QSYPGSASL,I,
SEGPPLTSF,I,
AEGREAPAL,I,
GEFPSRIHL,I,
RLHEKIQEA,I,
FEDGQKIVV,I,
RENLEKTRL,I,
REENPEFTSL,I,
GEGRAEAVL,I,
SEIETNTEL,I,
KEVVEAVTI,I,
AMASHLTST,I,
TEFEQQERL,I,
GELAPSHGL,I,
AEVKGKKQEL,I,
VESDTRIQL,I,
KLWDVREGM,I,
SLYALHVKA,I,
QEQEPEPHL,I,
SEFPSRNKL,I,
GEAKPEPSP,I,
AESNDGKVL,I,
YAVHEGLGL,I,
KLSEELSGGRL,I,
GEASLPSPAM,I,
GEFKVSER,I,
KEFKNGYNL,I,
KEKEFQEEL,I,
KVFGNEIKL,I,
KEISTEEQL,I,
GEQSVGKTSL,I,
NEISTFHNL,I,
REEAERQRL,I,
RLPDLIKEV,I,
ALSEGDIHTL,I,
KENSAPVKL,I,
KQFEKQVEL,I,
SVEERITQV,I,
REIGEATEHL,I,
DEDPSHVNL,I,
SELENRELL,I,
RLADEFGVAV,I,
SMYGVDLHHA,I,
REVEDDLGL,I,
TEETTHVVM,I,
REINGMTGL,I,
KELEGPQIAV,I,
HEPDIEQML,I,
REMEENFAV,I,
HETAFQGML,I,
HEADKTYML,I,
SEIGQKQKL,I,
GEQARAELL,I,
GEKRNLEVL,I,
RELAKAEKL,I,
SESKLSKDNL,I,
VMEKRSFKV,I,
AAVVVSKSGSL,I,
KEIAFPKAEEL,I,
GEQPPQLSL,I,
REFDSSTL,I,
RETSGNLEQL,I,
AMNGHVPAV,I,
EHGLIIRV,I,
RELENLQKL,I,
KENNEMVEL,I,
SEDVPHRLL,I,
SLYDYNPNL,I,
TEVYPGAKL,I,
TEDRRTLVL,I,
KETKDVSAL,I,
VEDKNIGPL,I,
REEEVASEL,I,
KEVADAIRL,I,
HEAERTEVL,I,
ILDDSPKEI,I,
HLDPAVKEV,I,
QEAPGSFRL,I,
VADQRSRML,I,
AELKQAQTL,I,
REDNRRVAL,I,
RELGSVPLRL,I,
KEKRIIQEL,I,
RLLKSKLYL,I,
KEYTNPEQI,I,
AEVSRATVL,I,
IESHPDNAL,I,
TMADQIVTV,I,
GETKISQSEL,I,
TLDGSLHAV,I,
REPKQPQPLL,I,
EEPKARVL,I,
AEACVSRAL,I,
GEEIGAEMAL,I,
LQLEAIHKV,I,
AELDIPQSV,I,
AENQAQPML,I,
QENAEIIKL,I,
FAVLPHHSEG,I,
RLDNGQVGL,I,
GEVYSADREDL,I,
AEAKARAEI,I,
LSDPQSVHL,I,
SAAPSTLSL,I,
AEVLNKHSL,I,
WLEENVHEV,I,
AEDITTGQVL,I,
REQFPGSEM,I,
RLGSVNENL,I,
SEAKAGTRL,I,
SESGSNLHAL,I,
KEVAGLVTL,I,
AEISPDSKL,I,
AEEESFRKL,I,
LEKENKELL,I,
NIIPRFVQV,I,
AERFGDTSL,I,
GLAGPVRGV,I,
SEDGSGKGAAL,I,
VMLGGRNIKV,I,
KAPPNLPPGV,I,
KEGEIQAGAKL,I,
ALGNVRTV,I,
ALMPVLNQV,I,
AEIDARNDSF,I,
REPDSDTEL,I,
TENDVKEGL,I,
TVIAKVNNV,I,
AELSEKSGML,I,
KEALVQVEV,I,
HEFGHALGL,I,
FTVPKNRSL,I,
YLPPATQVV,I,
KEPAPQVSL,I,
AEFKEGKKEL,I,
RIQETQAEL,I,
AAAAAAALV,I,
KLFNDAIRL,I,
AEEHNIVFM,I,
RETGEVVSM,I,
AAAVGGAL,I,
KEVFDVSKL,I,
AMAPGAPQV,I,
HESAVTGL,I,
HETQPVVVL,I,
REEIAEYQL,I,
SESPIEKVL,I,
AEFKEPTPSL,I,
SILEHQIQV,I,
IEDRPMPKL,I,
REQDEAYRL,I,
KAMEAASSL,I,
KEDPVPNGL,I,
FAVPKNYKL,I,
SLGGRAVEV,I,
GELAANKSEM,I,
YEERSTTTI,I,
REAEALLQSM,I,
SEFKAMDSI,I,
GEAHPSASLI,I,
KEIEAMHSL,I,
KEHGVPILI,I,
SALGYLHSL,I,
YLIKDGKLI,I,
YEVKSENL,I,
LLDHPRAEV,I,
YLGPHIASV,I,
AEAELGGQPSL,I,
KAAAAAAAL,I,
SLHDTVTTL,I,
READFKETLL,I,
VEESVTGVHRL,I,
LIYGTPRAA,I,
KEDQQRALL,I,
AERLGTPEL,I,
LLGSAHEV,I,
GEPGQAGNPAL,I,
SEAKAILTEL,I,
SELDDRADAL,I,
AAVNHISQL,I,
SMMDVDHQI,I,
HELSGLNKEEL,I,
RQMTDPNVAL,I,
KEEVSIEVL,I,
AAAAAASEL,I,
ALPKEDPTAV,I,
VEEEMSVPL,I,
KVLEILHRV,I,
SAEQHQRTL,I,
REVDIKGVF,I,
FLDNQRHGM,I,
KEEPPTTLL,I,
IAEDHRRLL,I,
GELVAGAHAL,I,
KEMSSIISL,I,
KEFGSMVL,I,
KEFQSEEYL,I,
VVFNDPEKV,I,
SAFDHFASV,I,
KIPPVTPSI,I,
ASTPASSEL,I,
RTDDRVERV,I,
SESTNQRVL,I,
KEAIVTSEEL,I,
RLQQPRLSL,I,
REDSTMIL,I,
KMMENLTTL,I,
RQHEIVLKV,I,
KLGAVFNQV,I,
TEAVVTNEL,I,
FEDAAEIRL,I,
AAHATDSAL,I,
HETGIAISV,I,
LTTEVHPEL,I,
YLLEKSRAV,I,
AEIQHAEEF,I,
SEFDIEREQL,I,
EEENSKVEL,I,
REGKLEHTL,I,
GEATNGRLGL,I,
SQVEGEHQL,I,
KEDDPKAAL,I,
AEERGGTPAF,I,
REHEEYLKL,I,
RLLHEVQEL,I,
REYKDHVL,I,
SEAEEKERL,I,
SELKETVEL,I,
KESDIYIVA,I,
VLFGVETHV,I,
SVIESHTEF,I,
RMLSELPAL,I,
VEGRDVVAL,I,
RMDERPIHA,I,
AEYTEGDAL,I,
KEEGVRDVL,I,
VAEPGQRKI,I,
KLAPPSSTL,I,
QESVPDPEL,I,
RLNPHDIRL,I,
KEDQTEYL,I,
AETRVGSAL,I,
ALLPSVKEDKM,I,
KEAYMGNVL,I,
REIRNVELL,I,
AEVADEKML,I,
YMIAHITGL,I,
KELEQEKEVL,I,
HEDPSIISM,I,
GEISPQREV,I,
GEDIVTKLL,I,
RLIDRIKTV,I,
SEILDPHVV,I,
AELGSSTSL,I,
RETEAALEF,I,
YTPPAGAKV,I,
RELIQSSDL,I,
KLDSSGGAVQL,I,
ALLDDSVRV,I,
SLHSKFIRV,I,
SEKPSQELL,I,
KEEQMDGTVTL,I,
NESETKSTL,I,
RVGPGPAL,I,
SEDDQVSRL,I,
REAHAQSIGM,I,
SLFEKGLKNV,I,
GEIASFDKAKL,I,
KLSEKIDQL,I,
GEPVIRERL,I,
AEASVMTQL,I,
NEVSIEERL,I,
GEYEEYITKL,I,
SEESYKDSTL,I,
KLTEVPRV,I,
SVDGTRTNV,I,
GEIDPATGMVM,I,
REKMADIYL,I,
KEVAPQVSL,I,
REYEDGPLSL,I,
HEAQHGVTSL,I,
LAHAAFSAA,I,
REVQTAVRL,I,
AADPGLHET,I,
RLQEKVESA,I,
YEDQRSTIL,I,
RELDPEAHTYI,I,
HALGGSSAL,I,
REVMQDYRDEL,I,
RLQEEINEV,I,
RETLPAEQDL,I,
KESAEFQTQL,I,
KENGAFTVL,I,
GLADASLLKKV,I,
KEAPEEAQL,I,
REDPAPGLL,I,
GMDLVVKTV,I,
GLDPSGARLV,I,
SEMGVMPEI,I,
TLMTDPVRL,I,
GEAKVEQL,I,
YATYPREL,I,
AEFSSRKEQL,I,
GEDSRPPRL,I,
REFGNLTRM,I,
REAPPAFSHL,I,
RIDKDTKNV,I,
AEYEAEKKGL,I,
TIDPSHPM,I,
SEAKPTSL,I,
ILDKEINRL,I,
KEDNIGNQL,I,
YAATETPHL,I,
QAIENAHVL,I,
GEFKVSERYL,I,
REIEGRAI,I,
SELRDIYDL,I,
EKLGETEKL,I,
KVLDFEHFL,I,
VVKPPGQDL,I,
ALASHLIEA,I,
KLQPGSVKKV,I,
RLYDPASGTISL,I,
REKVVDIEI,I,
KQAEIVKRL,I,
RIGQGVPVV,I,
REAEKIKTL,I,
RENNNPVEF,I,
RLFDPDPQKV,I,
SLQDEIQRV,I,
KESGDREAL,I,
QEKEAIERL,I,
VEHFGPNEL,I,
AAVPTSQSV,I,
AEALIHPTGL,I,
RLFDTQSKEKL,I,
REEGSPQL,I,
AQQPHIAGV,I,
SEEERAQRL,I,
DGSGKTTL,I,
ALKPDLVNV,I,
REPLVRQVL,I,
AETPGHTPSL,I,
GESIDRNNL,I,
TLAQRVKEV,I,
TVFEHTFHV,I,
AEVEAQKAQQL,I,
KAFSQSTSL,I,
HEHNQEVVL,I,
RELENGNLEV,I,
GEQLELEKL,I,
KEVAQAVLL,I,
KMYGKIIRV,I,
REIEANDIVF,I,
SEAKNRELL,I,
RLTDYISKV,I,
GERPGGEEL,I,
RLQEEVHLL,I,
TEYLSNADERL,I,
KEAGPVVRL,I,
REEGAAEPAL,I,
KEKKDILVL,I,
KQIDVYRSV,I,
AEIEHKKEEL,I,
GAYKYIQEL,I,
RLDWPVRTL,I,
MVDGKPVNL,I,
GEAPPAAGL,I,
KLTESNQKL,I,
AVHDSFVAV,I,
GADGSVRMF,I,
YTSGTFRTV,I,
ALTPVVVTL,I,
AEHPGTRL,I,
LENDGATAL,I,
RLLEGVKQA,I,
RIEEGTYGV,I,
ALYDNVEKL,I,
LEVVPERSL,I,
LAEAESRVL,I,
GEDPTQGADL,I,
KVLGIVVGV,I,
REEWKLDTL,I,
KELGQTGTRL,I,
KESPPHEDL,I,
AAIDHQIEV,I,
TLDPVEKAL,I,
KEFIGRHTL,I,
LLSESNERL,I,
KELAERERL,I,
YLGEGPRMV,I,
RELGFSSNL,I,
REIGGGEAGAVI,I,
REVDRNEGL,I,
KEQFETQKL,I,
YLHSGQVAL,I,
GEERLAVVRL,I,
SLHSRFMRV,I,
RELPPAAAI,I,
KLLEGEESRL,I,
AEIAAREL,I,
SEDEKNTKL,I,
HEEFSEHAL,I,
AEAFAEKL,I,
KETAEHLDL,I,
EEFEHKEEVL,I,
GEYRGSDFTA,I,
KENENAELL,I,
AEQQGKGVAL,I,
GAAAWARPL,I,
RETSVTPSNL,I,
SLAEKIQAL,I,
HEQKEQISL,I,
AEHPAGHLVL,I,
AAAHSVVL,I,
REGSFKETI,I,
KESAQPPAHL,I,
AEAPGEAFL,I,
REAKITEEL,I,
FEHHGQVRL,I,
LLAPSPGHA,I,
ALIEDEHNL,I,
KETTGVMVL,I,
SLYSQVHQI,I,
GEVGTGHSSL,I,
REHRSELNL,I,
AELPGQPEM,I,
AEIAEKETL,I,
AEKQLREIL,I,
AENFAEHVL,I,
KEILPAAEI,I,
KEFSGNPIKV,I,
MAHADPTEL,I,
TEVDTSHRL,I,
KEMEEQVEI,I,
ILDKIVQKV,I,
REAEIYQTV,I,
KEVGEVSVL,I,
KEHEVTIFV,I,
ALDVPHAEL,I,
KEDAATFSSL,I,
HEFSKTEEL,I,
AEVGDGTTSVTL,I,
YLMEVTHDL,I,
GELRGPGKEL,I,
AEKPASSSL,I,
GEHGKEILL,I,
KVPANPASV,I,
AENEAETKL,I,
KEVLQKEML,I,
GMYPNLVHV,I,
ALDDRPQVL,I,
RVLDTNIQL,I,
REAVVNTQEL,I,
EVDPKVAL,I,
IEVDDERKL,I,
FADPHSKRVF,I,
SEISESHPNSNLL,I,
YEEDQGSKL,I,
MSVEVRQTL,I,
KLLELDPEHQRA,I,
KLAEIVKQV,I,
LLAEKVEQL,I,
GEEHFKGLVL,I,
FLLPGHTRL,I,
RERGEPIRL,I,
KQPGRFDEV,I,
KELQDVGQSL,I,
KVAKVEPAV,I,
RLWEEAVKA,I,
SVASSVKGV,I,
HENDAIHKI,I,
HEVEKMFTL,I,
KAHLGTAL,I,
TEERADVSL,I,
TIIGQPMSV,I,
GELVNTHRL,I,
FVDEGIKTL,I,
SEGSPSQRL,I,
GLAESVSTL,I,
VEEQRPPEL,I,
REMEEEAEKL,I,
KLDSPRVTV,I,
AESPAGHSF,I,
AEFLDKHVT,I,
REAVHIEKI,I,
SENRRKELL,I,
KEEGPKEMTL,I,
REIREENKL,I,
GISRQGIIAV,I,
GEELVKIGKL,I,
EETGVRVEL,I,
KEAQAVPATL,I,
GINGVSPKV,I,
SELQSIQRL,I,
IESSDVIRL,I,
VAQEPVNTL,I,
RMDGHIQLI,I,
KLGETEKL,I,
AEKYPGAEL,I,
KEEEGIGEEL,I,
REINDCIGGTVL,I,
KLSELQLRV,I,
AERVDRIIL,I,
SLFSGKPEV,I,
AEYGHFVDI,I,
RELQHEHSL,I,
KEALIAASETL,I,
KEVPAVPETL,I,
RIVPRFSEL,I,
REKHPDGKIL,I,
AEDENKNVL,I,
RESYVETEL,I,
SENKLPAEL,I,
FMQHDVQEL,I,
LHAGGLARA,I,
RLSPEVQSV,I,
NGAPAITL,I,
LEPEEKQAL,I,
AEDKPYAEL,I,
KLIESKHEV,I,
REDYYDIQL,I,
GEYPKLLRL,I,
GEVQGDNKLL,I,
IEKNDAETL,I,
HETAPQTGL,I,
IEDHSIREL,I,
REEFDKIGM,I,
RLDDHALTGA,I,
YLEPYLKEV,I,
EFHTELERL,I,
REIEENSRL,I,
RAVAPTMSL,I,
YEKPEAPEL,I,
KLFEEIREI,I,
KMDENQFVAV,I,
YLPYPIHQV,I,
GERRAIEKL,I,
VLGKIEKV,I,
AENGGNSHSL,I,
REEASGDQKL,I,
REEDVGQPRL,I,
EEESLKTQL,I,
KEITTEGQVQVL,I,
RETSQTKVL,I,
GELAVGREIL,I,
AEITPKGRAL,I,
RELETVREL,I,
GLTDIRTLV,I,
REIGKHINM,I,
REDISSKL,I,
SLDKTSHSV,I,
LEKKVEKV,I,
GEDNGQRGYLL,I,
SEIASQGREL,I,
GENVEKQQL,I,
SLLESVQKL,I,
SLEETNRTL,I,
RLIDAFKGV,I,
SLADLQNDEV,I,
RELFQEMNI,I,
REGHDAFEL,I,
REIIAPKI,I,
ILVEINKRV,I,
VLAGHDNRV,I,
REAGASLYQGL,I,
VLLPKVVNT,I,
RLVESKVEL,I,
HVADFAPEV,I,
KEIAEVNEI,I,
LMEHIHKL,I,
QEAKPSTEDL,I,
RLDTGPQSL,I,
AEFNRIMSL,I,
TLWDKSKKL,I,
AEARNLPPL,I,
KEHLTTVL,I,
SEYGEEPIL,I,
REDYTRYNQL,I,
ALYGKTEVV,I,
ELDRTPPEV,I,
REASSVSEEL,I,
HTVGRAAGL,I,
AEIDAHLV,I,
REISLLKEL,I,
GEAESRGDGL,I,
LLPTAPTTV,I,
REGDVLTLL,I,
FLFEPVVKA,I,
RLLDRKVLL,I,
RESSFVEKM,I,
KEVDGKSRDSL,I,
VMPEAVPEV,I,
SEFATTNQI,I,
REVKNAEIL,I,
YEVGQRHGL,I,
REKYGDKML,I,
KLDEHIAYL,I,
GEVPKMIQL,I,
NTINDPKAL,I,
RIMELEGRV,I,
AEAKGHPAL,I,
KQTEIAKRL,I,
ALAGNPKAA,I,
HLLNESPML,I,
GELEAERQAL,I,
SEKKTDPSSL,I,
RLNEKNYEL,I,
HAHGRHFNL,I,
NEDRLPHLL,I,
RVMEGLHRL,I,
KLVPFLKKV,I,
RLLDEEISRV,I,
SEASSSVSI,I,
RVIEPFSRV,I,
REVLPESL,I,
YADREAREL,I,
SSEDGDAHVL,I,
TADPEKRKL,I,
SEEEGRRGSL,I,
SIYNGDMEKI,I,
SLVGRENEL,I,
KENETRVVL,I,
KEIEFQKEL,I,
VEEPASERL,I,
KENEELTRI,I,
KEQKKNILL,I,
TLQKEIEKV,I,
FLDKNDHSL,I,
AMAQVIGDRV,I,
SEFGRNYSL,I,
AEIGYRNSL,I,
TESDIREMM,I,
YTKENGRTL,I,
SLAEVNTQL,I,
RLAEIHGV,I,
SEKSLENETL,I,
RLIAQRYLL,I,
TLKDTITSV,I,
KLLSDPNYGV,I,
REDQSSHEVL,I,
KEVTAAREAL,I,
AEVRAENL,I,
TLLESIRQA,I,
SQIEADFRL,I,
KEAAYQERL,I,
NEVEQRHTL,I,
READPQLGP,I,
RLMEDVEAEKL,I,
AMFERIVKA,I,
KETPPTAHL,I,
SEFQKAVKL,I,
GELQHASAVL,I,
SEGHNTPKL,I,
VTVRPGLAM,I,
VAYAPKKEL,I,
SESCPVVGM,I,
NLAGVYSEV,I,
KLFDNTVGA,I,
KEDAMPEAL,I,
REAGAGGLSI,I,
FLGEKIASV,I,
VENEDKKGVQL,I,
RELKEPPQGAHFL,I,
KEFTGIDNL,I,
REEISAQVL,I,
RMARTPQTV,I,
IEIHEGTVL,I,
VILSEIKEA,I,
GLQQKNVEV,I,
REIQGKKAAL,I,
SVAEINGTMNA,I,
SEEESKIDL,I,
GESVEFQNL,I,
REDQLDTVL,I,
HLLPTAPTTV,I,
AMYPKYDRI,I,
GLADPSALTQA,I,
KEQQLLSTL,I,
SESNQQIRL,I,
ALQERLDGL,I,
HEEKVFRAV,I,
TVVERLVKV,I,
GEVHIGGVML,I,
RVLPGQAVTGV,I,
AEFKTKYKL,I,
TILKRLFRV,I,
GEHVKAIEI,I,
REDSNLESSQL,I,
GEKDIQTAL,I,
VELDDLGKDEL,I,
SMTLAIHEI,I,
MLDMSVPAV,I,
AVADTVYRA,I,
HLVGGLHTV,I,
TENPHGARL,I,
GLDPTQFRV,I,
FEAQGNDRL,I,
SEAGSHQQL,I,
GLKGRVFEV,I,
LAAEGRVL,I,
SEDQLKPKL,I,
KAIPAYSHL,I,
AETDVNVVM,I,
REISPQENGL,I,
GEIQEIVKTGL,I,
AEFLMKNSDL,I,
AETRVKQRL,I,
KELDSKLHL,I,
REFASHLQQL,I,
REIKSSQGL,I,
VLGPTLKNV,I,
SEITNSETL,I,
GETKKTVIL,I,
NESRAVITSL,I,
KELVTQQL,I,
SEDQHPTIL,I,
STAAKIMGV,I,
AEVKEKTEL,I,
KMMDLEHKV,I,
AMADAGILRL,I,
KEIFDKIHSL,I,
RAHIGPVL,I,
AEIASQHL,I,
RLSELGITQA,I,
KLGETVPAV,I,
VADPVYRTF,I,
AESFEREQL,I,
RVIDVGSEW,I,
REMENYEKI,I,
TEDGSRVTL,I,
VLKEDREKL,I,
NEEIARVEL,I,
MIDPRTKAL,I,
FLDKDAQRL,I,
KEKFEGVEL,I,
EEVKSFRVL,I,
RIYKYIHKV,I,
RLIEQEEYL,I,
FADKHIQVL,I,
YAISKPEVL,I,
REANQAINPKL,I,
RLQSKTIKV,I,
AAYYHPSYL,I,
FIASKGVKLV,I,
YGMDSRPPM,I,
RLIEESVTV,I,
GENEDNRIGL,I,
SVVDGTPLV,I,
REIEIAEQDM,I,
KMIEAIKES,I,
VLIGGKPDRV,I,
TLEDNIPRA,I,
TLVEAIKQV,I,
SEDRNAGVIL,I,
GLEEIAKQV,I,
GLLENIRQL,I,
LLDHPKKEV,I,
KLHDINAQL,I,
RELSQLQEL,I,
SEVQGKVHL,I,
ISIHVGQAG,I,
IEHGQAVSL,I,
SETTERTVL,I,
LPKGSARV,I,
SELNGHHTL,I,
ILGGVKAV,I,
SEFEENTNL,I,
GEKSQAPTL,I,
SENNRIFTL,I,
AEEGGGPRRAL,I,
KEFEEKRGL,I,
FSSESRAL,I,
GMDSSTPKL,I,
AEEKYRPAAL,I,
YEAVSPERL,I,
AELKSKSCSEV,I,
REIEENQKRI,I,
AGAPGGPAL,I,
HEEDNTVEL,I,
YVYERMTGL,I,
KELESEKEQL,I,
MTDKAPPGV,I,
KEDENVPFL,I,
GEAVAQYTF,I,
SIMKNLRRV,I,
MEEKGSISL,I,
KLDESIYDV,I,
HELRPGRAL,I,
AEMLSTEAL,I,
KVPASGLGV,I,
GEDHGHKGYL,I,
KETFLTSPEEL,I,
SAADASRVL,I,
IEERTRPNL,I,
KEETNIVKL,I,
YSYFSPRTM,I,
AEDSVSQRAVL,I,
RENELSAGL,I,
AESHNRIDL,I,
KVLSKEFHL,I,
KEDTASEKL,I,
RLTQELQQA,I,
TEDVPRKLL,I,
KLRGEINKV,I,
ALSERAVAV,I,
RENVNLAQI,I,
RLMDPPSNEA,I,
KLSEVNKRL,I,
TEASEQQAL,I,
RLLEKIRVL,I,
KELGLAEHQL,I,
KEEQEPPIL,I,
KLLPGDIHQI,I,
SESRIQHML,I,
KLHDVELHQV,I,
KLDKNPNQV,I,
GEAHVSPEV,I,
RLYGYFHDA,I,
IAISRTPVL,I,
KELQKTFEI,I,
KELNEKITRL,I,
SMPEQAHKV,I,
REDRRPITV,I,
RESPEPGL,I,
SPPGTVSAL,I,
ILDESHERV,I,
REQSTDSGLGL,I,
RLACDVDQV,I,
SVLEKQVSL,I,
LEENGERVL,I,
KEAAQEAVKL,I,
AEIQPQTQV,I,
REERVLQLL,I,
KLFDRSVDL,I,
TLDVQIQHV,I,
RMSDVVKGV,I,
SEEVVSREV,I,
AENAPSKEVL,I,
GEAGPSAEAL,I,
FANDDRHVM,I,
KLDDIKDRI,I,
YAYETKDAL,I,
ALSGHVSTV,I,
SEVELGGNGL,I,
RQEDLIMKV,I,
KLIEHPHVL,I,
KEQSGTIYL,I,
VMYGKVYRI,I,
IVDDKFFKL,I,
IETAVPSVL,I,
RLAEVRGDQL,I,
GEEHPRGSIL,I,
AEVYKELRL,I,
KEAGIAAESL,I,
YVPETVYRV,I,
SLDDHVVAV,I,
TEIKKTEVL,I,
KAFTKPEEA,I,
GEVAPDAKSF,I,
SEFRKTIKL,I,
RLASVAQEL,I,
AMFDKKVQL,I,
REHVEAIKIGL,I,
LMVDHVTEV,I,
SLDEKPRIV,I,
SELTARHEL,I,
KEQEQAQKL,I,
KMDENQFVA,I,
KEYEEKGGEYL,I,
RVLEELEGV,I,
KEDELRTVL,I,
SEEAMINKL,I,
SLDKFYRKV,I,
REQGVEEHETL,I,
RLAELKHEL,I,
REAGAGPEEML,I,
KEVETQAL,I,
YANAKIYKL,I,
FLIRESETL,I,
KEENKQVAL,I,
IAVDPRHLSL,I,
KETGDGRAL,I,
RVADGLPLA,I,
YLEPKLTQV,I,
GLDALKVTV,I,
TLSEVTNQL,I,
HAMKYSRSL,I,
STFDHPELV,I,
VLHKDPRQV,I,
YADPTKRLEL,I,
GEAFSSGHQL,I,
SEDPSGKKAVL,I,
REIEENSRLL,I,
KEDPKFKEL,I,
GEKITQDTL,I,
REDAGAEKI,I,
AADCAHEL,I,
NLYEHHHSA,I,
FIDKHIAEL,I,
GETRKKELL,I,
GEIHSDYEI,I,
REFEERQSL,I,
AEINSRTGSKL,I,
GEMVSPRI,I,
KNNLPSTNV,I,
FAMPPPHGM,I,
ALSEKLARLK,I,
RLLENMTEV,I,
KEINEKSSQL,I,
AEEKHLHVL,I,
KEAERDVSL,I,
YASTGREF,I,
KIFHINPRL,I,
SENVLQVHL,I,
GEIETVKQL,I,
AQAPGVITGV,I,
GETSVGKTSL,I,
REIDYKTAF,I,
KEMNPALGI,I,
RELLEKQGI,I,
REMEEKVTL,I,
KEYLDNVQL,I,
FLLEKGYEV,I,
SEDKKHYIL,I,
RESFDGRNIL,I,
KEMLEKIGRL,I,
KEFDQNVKL,I,
AESVSQQIL,I,
GEDMDDERL,I,
REIIPSSAL,I,
KEAFFHQEL,I,
AEVDIIEQM,I,
SLYEENNKL,I,
GEIINTHTL,I,
SESNHLIHL,I,
KEENQKIFL,I,
GEGHFGKVEL,I,
AEVDKVARL,I,
TLQEKIHRL,I,
KLLEVEHPA,I,
REVVIGTPTL,I,
YAIPKFKHL,I,
VEDPVHGIHL,I,
TLDDKKVYL,I,
SENAGIQSL,I,
KESQVYVHAL,I,
GEATEHLTQL,I,
RELESSRRL,I,
SEKEEIERL,I,
RESPPTRDV,I,
SLQDRIDRL,I,
RENNKPRTVL,I,
AMAEMVLQV,I,
KVLEQPVVV,I,
YAHPSGTAL,I,
GEQLNGSHEL,I,
SEDPSHPSMAL,I,
REEEAIHHL,I,
KLLGSPESTKL,I,
RLNKHEENL,I,
TEKLEDVAL,I,
RMDGAVTSV,I,
TLQGNTREV,I,
SLLDLHTKV,I,
LLDVQPHTV,I,
EEIKSFREL,I,
VLIGSNHSL,I,
AELLQKIEV,I,
MEDGGVKLL,I,
KELHPLHRL,I,
IEESFSEHL,I,
RENLSVEI,I,
AMAPTSPQI,I,
GEMKGAIGL,I,
AEVKAAAEI,I,
LLLDVPTAAVQA,I,
SAIFRSDSL,I,
KEHAAQLTQL,I,
GEADEHYQL,I,
GELGEGGRSL,I,
REEIHKDLL,I,
GEEKLKEIL,I,
TLDITPHTV,I,
SEEINQVEL,I,
LTFPVRDGV,I,
AAAAAAGSI,I,
RELYANVVL,I,
AELEENKEL,I,
AEEPGGRAV,I,
RLATLNEKL,I,
REDTKAAVLL,I,
ALNEDIVRV,I,
SEKGDFIAL,I,
AMADLEQKV,I,
KLLEKAKKV,I,
ILDKKVEK,I,
REFGKIINF,I,
KLDPKTMKV,I,
RTFEKDHRL,I,
RLISKFDTV,I,
TEVIHTGTL,I,
RELVHPDAL,I,
KEIISSEML,I,
KETADITHAL,I,
KESGAINTSL,I,
GETEKLYQL,I,
KENGENVGL,I,
KELDLRGVSI,I,
REFKRLADL,I,
SEERALREL,I,
VEDRPQDPL,I,
RMATGLERMGA,I,
RLMPKVVRV,I,
REVSPQENGL,I,
TETSIAKEL,I,
REGGPGSSLTL,I,
KEASIGQEL,I,
RLSDLVNTA,I,
KIVDFSYSV,I,
SLAVSSPRL,I,
KEDESTEKL,I,
REFGKALQL,I,
GEDQEKIHAL,I,
AENAPLHTL,I,
ALMDEVVKA,I,
RLLEKSQRV,I,
GLAEGKVRL,I,
RESLDSVEF,I,
KVIDQQNGL,I,
LMTKEISSV,I,
REKEERVSL,I,
AESAVSRDHL,I,
ALSEKLARL,I,
KLHDERVLV,I,
KLLEVQPQV,I,
SIDRNPPQL,I,
QEAEPGSRVNL,I,
KLADFGLARA,I,
TEFGGVTQHL,I,
GEHCDFTIL,I,
GEAASGSGAEL,I,
REIQRQSTL,I,
RLGIKPESV,I,
MLDEPTNHL,I,
HEDCGVASL,I,
REKQDTFAL,I,
REAFATKGEL,I,
FAFSPDGRHL,I,
KELLKQIKL,I,
RLQEVIETL,I,
AEIEIMKKL,I,
KEEERLNKL,I,
GESVSGKVNL,I,
ALADVVHEA,I,
YAQEDPRML,I,
REAQMAAKL,I,
AAVDTNLTL,I,
KLTEDTRQL,I,
REQLDIIKI,I,
QEKPLLRAL,I,
RLQGELQAV,I,
HEIIEPGNQKL,I,
SDKPDMAEIEKFDK,I,
SEVGTKKEL,I,
KINNEIRSV,I,
KETRDLVRL,I,
YLDEQIKKV,I,
SLAEGLRTV,I,
AAAQHFTAL,I,
FLDNGPKTI,I,
GEAEYIQRL,I,
RETNVPISF,I,
VLDGRGHLL,I,
KLAEALYIA,I,
RVISELQEA,I,
REDQINRLI,I,
REIATEKKNSL,I,
YAHLTPREL,I,
REDVDVRTL,I,
KESEKQLLL,I,
KETDFYHTL,I,
TTAEKVDSV,I,
RVADRLYGV,I,
YLGEEGKRV,I,
GETADTLMGL,I,
RLTEIGPRM,I,
FSGPAITL,I,
GETSVQPMM,I,
RETGEVMVM,I,
KESMAIIKL,I,
REESRAVFL,I,
KEVSSATNAL,I,
REDPYGVAV,I,
RELSGSGLERL,I,
SLDPETRRV,I,
TLYGSQIKL,I,
GEQSPNVSL,I,
REWGSGSDTL,I,
KEAEYAGQL,I,
ELGNGNIKL,I,
SETKLQEEL,I,
KEWEKVFEM,I,
AEVLDLRRL,I,
LFGHENRV,I,
AENSKAEVETL,I,
GETSDPFSKL,I,
GEEEFAGAKL,I,
KEVEATKL,I,
AEELLRIGL,I,
YTDATPLRV,I,
KEYTEEIERL,I,
SLDSTLHAV,I,
FEDTPTSQL,I,
EESQIRIEL,I,
RLQEFIDEV,I,
FLSEKLERI,I,
LLPDNVHYV,I,
GEAFDINKL,I,
KEIQSSNL,I,
VIMEPHKEV,I,
YLNVQVKEL,I,
RLGQIQKV,I,
KEIVVKGDEV,I,
KETSPLTAEKL,I,
REKGILQEL,I,
FAAEPGNNEL,I,
AELLEEEKL,I,
SLLNQPKAV,I,
REVESRSSGL,I,
RELEPDASRL,I,
VLAEVPKQV,I,
FLPRKFPSL,I,
RETQSPPSL,I,
VEFRNDYEEL,I,
GEAHVQTDI,I,
NLPEQFHRA,I,
HAIDRVTTSV,I,
ILYGEVEKL,I,
KLQEVGQVSV,I,
RAAPGAEF,I,
RQLESMIRL,I,
RELGAARSLL,I,
NLYGPTHTL,I,
GEFDPSKER,I,
KEAGTETVM,I,
GLLEGVRGV,I,
SLLTSPPKA,I,
MSDTTFKAL,I,
RLPDPFAKV,I,
KEVVVGNHL,I,
IEERKAIIGL,I,
REDPSPETF,I,
RELKDEVTRL,I,
REFIPDEKKDAM,I,
SETRSGSAL,I,
KEDAGWYTV,I,
QLNEKVAQL,I,
KMADILEKI,I,
KEKEPDYVL,I,
GEPSLYNSL,I,
LVEPHGRIM,I,
AESELQKEL,I,
YELKEGRQI,I,
IIHDVGITV,I,
KEEPDGPAL,I,
REIEMAQKL,I,
RMFDGKFVV,I,
AETKDIPAAIL,I,
TEIEDMPTL,I,
GEIDHVHIL,I,
MEFEERNAAL,I,
GLKVREYEL,I,
REEPPEQRGL,I,
KEIEERLHGL,I,
YLLPKDIKL,I,
KEDAQEVEL,I,
SETAVAKNQAL,I,
AEEEAARVAL,I,
KAYERGISL,I,
HEQPSGATL,I,
ILDPNDHSAV,I,
AESKPNENRL,I,
SVAPGKSL,I,
YLTKEDLRV,I,
HLAPRTPEV,I,
RETKVLGAL,I,
GEPAGRPPAL,I,
AEVSQNIEKL,I,
REGLEDKYNL,I,
IMAQLPQEQKA,I,
FLQPHQREV,I,
AEAPLPSPKL,I,
TLLENSQRV,I,
ALMDQVHHM,I,
KLFEDGKTGF,I,
FLDRESIKL,I,
GEHREHGTVL,I,
KELDSPFRL,I,
HLDEQAVQGL,I,
RETQSREIL,I,
KEITQEMQTL,I,
SEESRILVL,I,
KEHLHTDIL,I,
REEQGSGGYSL,I,
FQEHEHAL,I,
GEDHPEMAL,I,
LETDSVQRL,I,
REAGKEAAL,I,
AEHHDRVHL,I,
REDESYGYVL,I,
TEIRDVGPL,I,
GLYPGKVREA,I,
ALNNHVEVA,I,
ILAQEIHDV,I,
RLLGLETNV,I,
SLLRDVPLA,I,
KLSDSRIAL,I,
VQTEVNREL,I,
KEDVHVFAL,I,
YLANGQTKV,I,
VLAEDEEMNRM,I,
FLMKNSDLYGA,I,
GEILHDAKTL,I,
TLLKDAAKV,I,
SAQEERREL,I,
ALDQDHVAV,I,
SEQPGPKAL,I,
RLLKEPKFV,I,
LLQPHLERV,I,
TEETSSSKL,I,
TLQKSTKEV,I,
AEELGVVTM,I,
RLREVSEKL,I,
GMCGGVRGV,I,
REDKIFQKF,I,
REFEENGL,I,
NLNEKINHL,I,
REELRSPKL,I,
REQRAEHVL,I,
ALQEMVHQV,I,
REIESRGL,I,
RLVESTSLRKA,I,
AEHREVLPESL,I,
KMTEELEAL,I,
KETDVVLKV,I,
IQVTKVTQV,I,
RALEHFTDL,I,
RETSDTPIM,I,
YLKDKLDET,I,
RELSEAERQL,I,
REVKTGALL,I,
AEASSVKNEL,I,
REDSQYLEL,I,
HEQANVESL,I,
KEDAGGMIQRL,I,
REESRRLAL,I,
ALGNIVHGL,I,
SETETKQRL,I,
GEDKVSVTF,I,
REIDDHDAVLR,I,
AEAGPAGEL,I,
YQDPQGRHV,I,
LEERGRILL,I,
KEFVGKPTI,I,
QEVTPSRSTL,I,
RILVDVEKV,I,
VLMNQPPQI,I,
KEEGGGQVEL,I,
HELKGHYAI,I,
VQDENVRGV,I,
LESKDNQKL,I,
GEAPVIQRL,I,
AEPAKELVKL,I,
GLGGSGTPV,I,
VLLPYIKKV,I,
NGYEGTGRSL,I,
REKAEADAKL,I,
RELERSVKL,I,
NEEHGAPEL,I,
KMDLLVEKV,I,
KEQDHIIII,I,
AEFEQGHQFL,I,
RSVPHLQKV,I,
VEWEGRSLL,I,
RENVQGVVI,I,
AMPQSGTGV,I,
KLDSTPLKA,I,
TVMDEIHTV,I,
AQYEHDLEVA,I,
SLADVHIEV,I,
GLNEHNHHL,I,
REDGKKVFL,I,
HEDAVAAML,I,
SEEELIHHL,I,
GLDNQIQEI,I,
ALKDSVQRA,I,
RELHLNNNL,I,
REGEYSKVL,I,
HEIIHAGEKL,I,
GEYKKDELL,I,
KELPGKFLL,I,
RLQDLQQQV,I,
KEVSKLVRL,I,
YTTDRVMTV,I,
ALISNSHQL,I,
AMWEHPITA,I,
ATFDEPRTV,I,
ALRGEIETV,I,
GEDQKEIKI,I,
SEEMIKSEL,I,
RVDAQPVKV,I,
SEFDRQAEI,I,
SEEGITKSTL,I,
HMMPDLPNV,I,
AEEDGRGKL,I,
GLSDIHHRM,I,
TMHDYAPLV,I,
KVEKGETSL,I,
SLIDKTTAA,I,
TEDRNTALETL,I,
AEAERLGHEL,I,
KTTTIAVEV,I,
KMPNGSAGV,I,
REFRADARAV,I,
LAPHVRTL,I,
YANYYTREV,I,
RLAEKFPVI,I,
AEEREKTVL,I,
REVSEHGRHL,I,
SAYDNVNKV,I,
AEMPEKGVL,I,
SEDPRFPKL,I,
VQADAPHGV,I,
YEEGSNKRL,I,
KTSQTMEL,I,
KLVKEVIAV,I,
AAHGGQASL,I,
LANGQTKVL,I,
KEVARLETL,I,
REALGHQEKL,I,
KEESSSISSL,I,
TEVGDNWRL,I,
REFLERKH,I,
ALLDDSKEL,I,
SLADDSVLERL,I,
KEEAAEYAKL,I,
HEAQLKNGSL,I,
EWNKKEEL,I,
FLDIPRSRL,I,
SENAERILI,I,
SLDGKAIKV,I,
RQLEAIVRI,I,
AEIIQHDQL,I,
ALLPQNHKL,I,
RLADKSVLV,I,
KEHKNLAEAL,I,
FLAGAVTSV,I,
VAGGGASV,I,
GEAVIYGDRL,I,
REFKSTNRL,I,
KLSSENIEL,I,
LLLSGRPTRA,I,
REVPPAVGL,I,
LDEHVQRV,I,
KLFHEVVQA,I,
GESSSEHFL,I,
AEPKERPLL,I,
RMFFGKNKV,I,
AELSDYRRL,I,
AEMAQNAVRL,I,
GESEAAKQL,I,
KMLEKLPEL,I,
GLEKDVVRV,I,
KLIDGQVIQL,I,
SLAQYNPKL,I,
KEATDAIGHL,I,
AVDESVHTL,I,
DGAGKTSL,I,
RETKVLGALL,I,
KLVEYIVKA,I,
AENRRLHEL,I,
KLDAHVERV,I,
HEDLRKAAVL,I,
VESKVKDIL,I,
RQVQIEGETL,I,
SEAANRNNDAL,I,
AAWSGSGRSL,I,
EEASPEKTTL,I,
APGGKKSL,I,
RIDEKNFVV,I,
AIIDKYIKL,I,
TEAQANQISL,I,
SVWFGPKEV,I,
AEEQAKFRL,I,
SLQDHIEKI,I,
SEDASIHRL,I,
SENPPNHIL,I,
REFDQKALL,I,
LEVDDHTAV,I,
IGDPHTHEF,I,
TLAQQPTAV,I,
AEQLPGREHL,I,
GEHGDSSVAV,I,
SQFGKLERV,I,
REEAHRVSV,I,
AEAAEQFKL,I,
ALMKEEGVKL,I,
LTPKLFHEV,I,
KEVESPYEV,I,
KEITEKTRV,I,
KELEKKNEAL,I,
GMLDTHHKL,I,
ILYSKTEHL,I,
GEAVSETL,I,
KILEDVVGV,I,
KTGEVLHEV,I,
REASQEQPVSL,I,
HLAEVLERV,I,
GEILTREHI,I,
GLHEDLNRV,I,
AEYMKHTRL,I,
KVLPRIHDV,I,
KMSELQTYV,I,
SVTSHIYQV,I,
RLAHEIEAL,I,
RESLIKPRL,I,
YEVHHQKL,I,
IEHRNEAEL,I,
FFFPKSRIV,I,
RESNVGGIQQL,I,
RESPDTQALL,I,
REMEKGSPSL,I,
KEFESHLDKL,I,
HLSNIPPSV,I,
RLAETQEEI,I,
KLNEVIRQV,I,
REVCDEVKA,I,
KEFKDREDL,I,
ALLGKIEKV,I,
AEHKIDLRL,I,
GEDAFRAVL,I,
GLDRNAPSV,I,
RESGELESTL,I,
KLTENLVAL,I,
AETVVDPEM,I,
AEVKERVTL,I,
RLTEYSRTL,I,
KLLGKVETA,I,
SESPRSTSL,I,
HEFEEATNL,I,
TEISLQQRL,I,
HLDTVPPSV,I,
AEMERTSVL,I,
GEDLTKVPL,I,
IVDRTTTVV,I,
KEAADPLASKL,I,
RLDTHPAMV,I,
REYDTAEAQSL,I,
GESGIKVAV,I,
KEQERIFQL,I,
AEVKYTQGGL,I,
SESSQRTDL,I,
TEAKNEKESL,I,
ALEEKIPNI,I,
SEMKHNLEL,I,
GEVLEKSLL,I,
KEVETRQQL,I,
AENAGSYSL,I,
GEVDGHTI,I,
REGFDKIDL,I,
EEDPNTHIL,I,
SLYGYLRGA,I,
GIAGSLKTV,I,
SEDGRTYFV,I,
VMFGGKQVVV,I,
GLHNVVYGI,I,
REKASKTFL,I,
YSFDGPSL,I,
SQWDSPMRV,I,
AAAAPSPVM,I,
KEDPATQTNL,I,
LLSEQGDVKL,I,
HEENLAERL,I,
RLHERLVAI,I,
RLMKELEEL,I,
REAVSKEDL,I,
KELNERVAAL,I,
GEARGNGTQPVL,I,
SEDTAILKL,I,
AAGAYVHMV,I,
AESPSPPRL,I,
SLDEHVATV,I,
AESHSTVTVL,I,
SEAKDLISKL,I,
YEARTTEDL,I,
ALAPGLPTARA,I,
AEAGELREQL,I,
ALESGRYEL,I,
FGADARAL,I,
YWQNHPEL,I,
AESTEKHARL,I,
KVSNSGITRV,I,
REFKTTNRL,I,
KESSEVYFL,I,
NLLSSHVRGV,I,
KLISKFDKL,I,
TVIENIHTI,I,
REYGGEGTDF,I,
SEDDLKTVF,I,
GEIATSQERL,I,
VLLSDSNLHDA,I,
QLAQFVHEV,I,
IEEQYPTSL,I,
HLTDITLKV,I,
SAYGKFRKL,I,
REGPSSSKL,I,
ALQETLIRA,I,
RELEQRVSL,I,
AEIQAELERL,I,
VLQRDLRKV,I,
LLIGHLERV,I,
KEFDNGHLL,I,
SEDPGPNWKL,I,
REMATTEVL,I,
AILETAPKEV,I,
SEETRAAKL,I,
FADSHHRSI,I,
REITDHLDRL,I,
GEARASPGHTL,I,
QEETNFKSL,I,
RVGDHMMFV,I,
KEQQTVTKL,I,
NEAETKSTL,I,
KEMGQMQVL,I,
ALDTTRHEL,I,
AECDRRTEL,I,
GGLDRYFQV,I,
KLDDNSIQL,I,
HMSGKLTNV,I,
RESAEVHLI,I,
RLAQAMETA,I,
IEEKKNRTL,I,
AEIKTTNEV,I,
KEDSNSLTL,I,
REAETLREQL,I,
GELNLGKEEM,I,
ALDTSNVMV,I,
IESPRSEKL,I,
EFQEHEHAL,I,
KIDEKTAEL,I,
TESQKTIVL,I,
TEKVSKISL,I,
YEALPQHKL,I,
KEERRGPTL,I,
KEVATDVRL,I,
KETSLVKQTL,I,
AEQKVEYTL,I,
HEDAPSTKL,I,
MEFERQAEI,I,
NESSVLHTL,I,
AESREATGL,I,
EAHARIHL,I,
GEVLEPANL,I,
SEVDSPNVL,I,
VEDRIGSSL,I,
KSYESGISM,I,
KEIEAKIKEL,I,
GAHEGPAL,I,
RLTEEFQNV,I,
ALNDEIRQL,I,
AEMEGKYVI,I,
REAEPHPL,I,
KVLGKIEKV,I,
GEAHLKTIL,I,
LETSTGHSL,I,
KEEEILKAL,I,
RVPPVPPNV,I,
KVQAGNSSL,I,
READVTRIK,I,
NEMSGKVEL,I,
KLNAKLAEL,I,
REDLVSEKL,I,
HETDFNGQKL,I,
KEEKDFTIL,I,
SLSEKQYFL,I,
KERSYETVL,I,
AEADVRRVLL,I,
ILPEKVARV,I,
REQEQRQAL,I,
KLSEVLQAV,I,
KEYQEIENL,I,
IAIKYSRTL,I,
REEEEKLLHL,I,
FASEERREI,I,
KQTEVLVTA,I,
GEGLSDKNQVL,I,
HLDVKPANI,I,
GEDDLKKGTQL,I,
KLDNQVSKV,I,
RESNSSLQL,I,
AESEKQQAL,I,
LLGPAGARA,I,
LLNKSIIRV,I,
REQQLQQELL,I,
YEVGDSKKL,I,
KLQDGVHII,I,
REDKDVSKL,I,
AEAKVLTQL,I,
HLAIKLEQV,I,
REVKTSEL,I,
KLIANNTTV,I,
REGQEDQGL,I,
KESAAHDYTL,I,
KEMFPGFRL,I,
REHDIRVSL,I,
KEQSPEPHL,I,
LLMGEARAV,I,
VEDDPKVHL,I,
HEHDQPAHL,I,
KEIDIYANL,I,
RALDHYLTL,I,
GEDPNKAEEL,I,
KMTEEQHSL,I,
QEHPAIRTL,I,
SLHSKLFRV,I,
KEHVDKAIAL,I,
QEHQPSVLL,I,
KIMDQVQQA,I,
KMDASLGNL,I,
RADPGIQRQ,I,
AMNPVEHPF,I,
RELAEATGL,I,
SEMSRVIRV,I,
KEQESLIKL,I,
KLLSENTNL,I,
GEVDKVGKFGL,I,
RIWDGVRKS,I,
YEVGDPGQRTL,I,
AEDSARTLL,I,
SELEDGHTAL,I,
IEDSRVYEL,I,
KELEDFEM,I,
NQWDGTQHGV,I,
SLFPGHPHSA,I,
YVKDRVEKV,I,
SQCPHIVRI,I,
RIGEQDHRV,I,
KILDTSVAYV,I,
SEAASGNHRL,I,
KEVSMDDHKL,I,
RELGARVRAL,I,
KEKEPDNVDL,I,
SESAAVKEIL,I,
ELMEQVPHI,I,
ILMDKERLL,I,
KEAADIIQKL,I,
REFVEKSFL,I,
REDNNTNRL,I,
QEENKKIVL,I,
KELASGEYFL,I,
AEFKNITRI,I,
KLGLVQKV,I,
KEISDLHYL,I,
FLDEDQLRA,I,
KEKPEEESL,I,
SLIERDLKL,I,
GLAEDSPKM,I,
RAHASERPF,I,
RLMEENWNA,I,
KLYTGLREV,I,
TEEERRAEL,I,
AEQACKEKL,I,
IEDPYSPRI,I,
AAISTSRVL,I,
ALNDHFVKL,I,
KLEEENRSL,I,
KMPEINAKV,I,
KLLGNIKNV,I,
SEAEGARAL,I,
EEIDHAVHL,I,
GLSSELRSV,I,
AEDGSAGVRVL,I,
KLDNNLDSV,I,
EEENGQGHL,I,
VEDSNNHHL,I,
SEAARPATSTL,I,
FLDEIHRRA,I,
KELRIQRSL,I,
TEQRSKGDAL,I,
ALASLENHV,I,
KEDEDIYKL,I,
FLQEKSPAV,I,
KEHDILSQL,I,
AETITTHYL,I,
RLLGEEVVRV,I,
ALASRFLKKA,I,
ATMERLEKV,I,
LESKIREHL,I,
AEFQGRSTEF,I,
AESGPEKPHL,I,
REIKKQLLL,I,
AELELQKQL,I,
EETSHIEEL,I,
SLVSKNYEI,I,
EEIAKVEKL,I,
AEVLAKKEEL,I,
YLDIDKGHV,I,
TLSEGPHHV,I,
REDGSAKQEL,I,
KLFDTQHRV,I,
RESSKPRAVL,I,
REVVDPSGGRATL,I,
ALLDKLYAL,I,
KLWPEASKV,I,
SEVAHVDQL,I,
REAEEKLTL,I,
ATADYICKV,I,
GETKAKVLL,I,
KLKPGDLVGV,I,
AEYSTKNNAL,I,
HENDQNPVL,I,
YMEDIQSNV,I,
ELAKELPQV,I,
GEMKELPEQL,I,
GESLIRTAF,I,
GEEENQKRYYL,I,
KEKEAENERL,I,
NLMEKVRGL,I,
RLTHYIEEA,I,
REDGYLSGL,I,
HMFGQNLEV,I,
QMFEGVARV,I,
KEYVGKTSL,I,
KAYYKSSHL,I,
REENAEQQAL,I,
REMEEKVTLL,I,
GLWRTTPEAHA,I,
RLGEAEGLMKV,I,
TLWVDPYEV,I,
KMLDHPHII,I,
KESEVVMKF,I,
RLGPTGKEV,I,
VLQEKLRKL,I,
IEEPKRVLL,I,
ALGEKQPEL,I,
RLLHEMILV,I,
KMLELTNRL,I,
KEDNHAPHL,I,
YLSNADERL,I,
GEKVSAYVL,I,
REHGPESGKAL,I,
RVYNGRLKV,I,
REAGLYREAL,I,
REAEGQLQKL,I,
KELAAGTESQAL,I,
VLHEHIQRL,I,
RLIGDAAKNQV,I,
ALREENEQL,I,
AMNDILAQV,I,
AEEDMPQRVVL,I,
AAGPSAAL,I,
SLEEKQRTL,I,
RLYHITDQV,I,
QEASPDRTTL,I,
KLQEQLAQL,I,
RLSQLEGVNV,I,
AEYEARSRL,I,
AQIGSYVHV,I,
SAGPAIKL,I,
NEFNPMGDTL,I,
HENATPVKL,I,
SLYGQFRVV,I,
AEHSLPHYL,I,
REEAVQQMADAL,I,
ALLQQVHSA,I,
IVDPETNKEM,I,
GETVAGHVL,I,
AEELGRGIAL,I,
IEDDHVQVL,I,
GEELKGHNTL,I,
AEHEAKMSSL,I,
KEVFLDRKL,I,
KLMQQQQEV,I,
RILRKVEKI,I,
GEIEHVTKR,I,
SLDKFLASV,I,
RVQDKIFRA,I,
YLNKHIQKV,I,
AAFDGHAREL,I,
ALQKRLDEV,I,
SEDVHVHSL,I,
SLHERNQKL,I,
KEFVSPSL,I,
AEMKSTENL,I,
GENNIVQEL,I,
KLADKLYNL,I,
RERATFEKL,I,
HELSVEQQL,I,
RLMKELRDI,I,
REQPPTAAL,I,
REAEESSKI,I,
REIRHPNII,I,
ALMYESEKV,I,
QMISRIEYI,I,
KEIYNEKEL,I,
FEEHSTQQL,I,
KETVQHSDVL,I,
KEMEVSPSAEQL,I,
SEARFIARSL,I,
SLGDIPVSRV,I,
RETELKVHL,I,
KLMDKVVRL,I,
RMWEDPMGA,I,
KEAENPREVL,I,
AEIRHVLVTL,I,
FMTTNVPNV,I,
AELEERQNL,I,
KENGADIFL,I,
GENEVNNEL,I,
IEDRETIIM,I,
VIQENEHAL,I,
READVEPMV,I,
ALNENINQV,I,
KILDKSQAL,I,
RLYHEADKTYM,I,
RESLGHTRL,I,
RAFGGKDIKV,I,
REAQVSAQHL,I,
QEIADAHGL,I,
AATGGSVL,I,
KLNPQDHRL,I,
RLMKINHDL,I,
KIIERLDHL,I,
GEEQNRVQL,I,
SILERSENV,I,
EIDDRKQL,I,
QESAAKLHAL,I,
KMSEIHTVL,I,
KIAGSSPRL,I,
KLQEKIQEL,I,
RLDNRPRVA,I,
KLTGILQEV,I,
ILHENFTTV,I,
RLSNRVVRV,I,
VMFKEPVEV,I,
LYDQPRHV,I,
SLFRHPKQV,I,
RIAGIRGIQGV,I,
TEFGQKEKL,I,
REDSIRTLL,I,
KEERSPQTL,I,
HEKQPDVIL,I,
KLIGQVHEV,I,
FIHQHFVEV,I,
REQHESIVM,I,
VEDDRTLQSL,I,
GESMPIPTI,I,
REGMPPSSL,I,
SEESVKSTTL,I,
HEQPASGL,I,
HEVDTQYSAL,I,
LAQEEQRQL,I,
FSHEVGSEL,I,
RLAAGSAIVKL,I,
KLLSSEDIEGMRL,I,
REGHTSVHTL,I,
TEMERAEVL,I,
SEREMRNTL,I,
SETFDKTIL,I,
VEETSHQAL,I,
YLNQHIEHV,I,
AELKEKIVL,I,
ILAPAGSLPKI,I,
QEYIDSQKL,I,
HILDSQTVVLK,I,
VEETATAKNVL,I,
AENLPEQEI,I,
TENLTKEHL,I,
SAKPGPAL,I,
KELDKFDNL,I,
KEVEQQTGL,I,
TEEKNKATL,I,
KEESQQMVL,I,
ITFSNPKEV,I,
KLKNVIHKI,I,
HESLSHEL,I,
KLFPDAIRL,I,
RLYDVPANSMRL,I,
VESHIQHSL,I,
GEQGGGKLVL,I,
RESELRTVL,I,
KLLSKFYEL,I,
HEVHPISSGL,I,
VMHDSSFSV,I,
YLEDSGHTL,I,
REAATQAQQTL,I,
EEFQKAVEL,I,
QLLSEITRV,I,
RELQEGTYVM,I,
VLAHEIERL,I,
TETVNHHYL,I,
LLIEHTRKV,I,
GEDWFRPKL,I,
SLIDKRIKL,I,
RETTDKYTL,I,
GEVSWDKSL,I,
VLYPHEPTAV,I,
ALVDHLNVGV,I,
RLNEVIRTL,I,
ALYGRLEVV,I,
IEIENAQHL,I,
RLQESLKKV,I,
KELDVKSQKENVL,I,
REVISHIGKL,I,
VMDRFEQQV,I,
KEVLNKHEL,I,
GEVEQIAMM,I,
SLDSRVREV,I,
SMEDAKVYV,I,
KMAPALRKV,I,
ILLDKVNGL,I,
KMAEPFTKA,I,
GETEESEKL,I,
REHFQSYDL,I,
AEKIIKEDSL,I,
TEVQPQQNSQL,I,
RLTKEVTAA,I,
VLVSDGVHSV,I,
VTDEPPPGL,I,
GEDKTSAQVSL,I,
AEQSCDQKL,I,
REIVSRKGL,I,
VVNDRSWKV,I,
KAVPQSLEL,I,
AEDKPRAQL,I,
REKEPNRLESL,I,
SEAPAKNGAGSL,I,
SEAAIRSVEL,I,
GEVGVNSDM,I,
AEFKKIFGL,I,
QLSEKFFKA,I,
AEQKRDIQL,I,
KELEQFAKL,I,
AEINDLENL,I,
IQDNHDGTYTV,I,
GEDESSAHAL,I,
REKTPTYHL,I,
KVLETLVTV,I,
AEFKRAVKV,I,
EEDQKPVRL,I,
AETTTAHATL,I,
VEEKANTHL,I,
KEYLTKVDKL,I,
TTEPENRSL,I,
REPSPGSHSAL,I,
LEEKIKQHL,I,
KTASINQNV,I,
KESVSHVQL,I,
SLSETNKGL,I,
RMLPHAPGVQM,I,
KLDEILKEI,I,
RLAAGSAIMKL,I,
SVAEGRALMSV,I,
REDKAYQL,I,
GEAQRLIEI,I,
RELKEEVTRL,I,
KLQEELNKV,I,
KLYQRDLEV,I,
SEEAIKKDL,I,
TEFKADFKL,I,
KLHYVVTEV,I,
GEDGTAAKHL,I,
TEEAGGRSL,I,
HEIQDGTIHL,I,
KELQNAGDRL,I,
SEEENSKVEL,I,
KEQGIPQQL,I,
VLVEDSNNHHL,I,
EDAEKKVL,I,
REMQESVQV,I,
RESPDTQAL,I,
RESPCHVKL,I,
KMDEASAQL,I,
GEERATEAGSL,I,
HEEANAARKL,I,
KVASLLHQV,I,
KLLEKLYKV,I,
GELVSVAHAL,I,
RETHKEEIL,I,
SLGEFHVRL,I,
REPEGVWNL,I,
SLDHHIVTPL,I,
AEMGPIKSL,I,
GLWRTTPEA,I,
AEDDRHYNI,I,
GENEDEKGRL,I,
QLVPALAKV,I,
KLDEENPKI,I,
GEENAERHAL,I,
KMNEKLYTV,I,
SEDEKRLLL,I,
SLYEDDITF,I,
GEVKGTSGSL,I,
TAVNPKSTL,I,
EEYEGKETAL,I,
VEAQKAQQL,I,
REHDAAAESL,I,
KVWGNVVTV,I,
VEISRRVTL,I,
KQIKEIKEV,I,
SEIEQETQL,I,
RLLGHIKNV,I,
HEVETRAL,I,
RLIDLHTNV,I,
RLKDKIPNV,I,
KLSPKAEEV,I,
ALEEKPRNV,I,
ILSDVQRKV,I,
ALAEKFKEL,I,
AEDRLRYAL,I,
AAFGGNPKSV,I,
FTVNPRRSV,I,
STHEFLHEV,I,
YLMEGSYNKV,I,
GLDKQIKEI,I,
RLTSLGVIGA,I,
KMPRLIAKV,I,
RLSYPPHSV,I,
IAHDTGTSL,I,
KEGIVKQDSL,I,
SEDPVAIKI,I,
RLFFQPHQA,I,
KELGTVMRSL,I,
KEHENNTDVL,I,
GEDAPRRAEL,I,
REDAVSKEV,I,
SLSPTGVSRV,I,
KEEEKPVML,I,
YLVSHPNEV,I,
SVSQINHKL,I,
KIGDKNWKI,I,
AEDIFRKAL,I,
MEEKTSHIL,I,
GEVRGSEVL,I,
IQHSEFEEV,I,
KEIRNPDSL,I,
VTLEARAPL,I,
KEGPPAHKL,I,
LLNKEIMRV,I,
FLADPSAFVAA,I,
GEVRDKSYL,I,
YLTPMHHQL,I,
LAEDKHKEL,I,
AAAAAASAL,I,
REFKKAEQL,I,
KINEKPQVI,I,
RLLEQGIRV,I,
SLNSNVYDV,I,
SEIKKEAGEL,I,
SMSDQTVRV,I,
RLPPTPKQV,I,
ALERELYHV,I,
RLQEETGAKI,I,
AEEKAAQAL,I,
FQQPRHQSSV,I,
YAKDYTKAL,I,
GEMKPGRKGI,I,
AELDPSIAV,I,
RLLDRIHSI,I,
SLIEKIPTA,I,
KEREEIQTL,I,
AEFIKRTIL,I,
GEAPTKRKSL,I,
GEPVNGRHTL,I,
KEATDHATAL,I,
KEIHKPGYL,I,
KLIHSNHRL,I,
KLSEENRHL,I,
FIDEHVTRV,I,
LIEDHQKEL,I,
REESSRTEI,I,
SMLGSPHKV,I,
GEVDYKKKY,I,
LLFDRPMHV,I,
KETEPHHEL,I,
SLAESLDQA,I,
AELLNKEIL,I,
REVYTSNNQL,I,
RLFSKEEKL,I,
LDDIKDLKV,I,
KSIPSFSSL,I,
SLMGPVVHEV,I,
KEDASHQEAL,I,
KLFGETTLV,I,
YAITRVLRL,I,
KLFKEGKEV,I,
QAMPNSPQL,I,
EHDHPHAL,I,
AEVKSRTTL,I,
RLYGKVLRA,I,
SLHREVEKV,I,
QMAAKLERL,I,
RETLKNSAL,I,
YMSEHLLKA,I,
KLQEQIHRV,I,
YLLEKSRAI,I,
YLASNSIREA,I,
KLYGRPIKI,I,
KEAEGKEFRL,I,
KLFEKKYSV,I,
LEFSKDKIL,I,
KEIDDEANSYF,I,
GLHETQPPSV,I,
KLTEIRHEV,I,
VLAETLTQV,I,
QEFEKQDEL,I,
TEFHHVRTL,I,
QMSEIEAKV,I,
KEFEKASKI,I,
REAVSKTAL,I,
LEEEKQHLL,I,
GEIKSVDPRL,I,
RLNDGNEYL,I,
RELENGEKQQL,I,
ALMEAIHSA,I,
RSIAKEGFEK,I,
KAWENSPNV,I,
GEFEKNNPDL,I,
REFDTQEQL,I,
REILHAQTL,I,
RMSDDVHSL,I,
KLHDRLAQL,I,
ALAEALKEV,I,
KEKQDKVVL,I,
SESKRGNTVL,I,
RLWPKIQGL,I,
VSHPRYLEL,I,
ALLENPKMEL,I,
GLFDQHFRL,I,
YLLEKNRVV,I,
FGPPIPKGV,I,
REEIEKQAL,I,
GEAGQKYNVL,I,
KLWADRISL,I,
VLNEQVKEA,I,
YLIPNIKHL,I,
KEDLGKKIAL,I,
KLIQESPTV,I,
VLIEKSHEM,I,
KELQEKVRL,I,
REETPNHKL,I,
SLIDKPTNL,I,
ILDEMSHKL,I,
KMQGAPPAV,I,
RENSASQISQL,I,
AMLTGELKKA,I,
RIMGNIWDA,I,
SEHINEGETAM,I,
KLGHTDILVGV,I,
RQFDNFKRV,I,
REVEELKSEL,I,
TLWYRAPEV,I,
YSLAHVREM,I,
KMLSAGVTEA,I,
KELQKIHQL,I,
KEFLTPLHV,I,
GMMKELHKV,I,
KEDEQQQAL,I,
GMFGKETYV,I,
GESKRITLVL,I,
KILEALQRV,I,
FLADNHHQV,I,
SLKAHVQEV,I,
REEEEGQRL,I,
RETIASVRSL,I,
KLPEAQQRV,I,
ALEHRVYEV,I,
KLTDIARHV,I,
LSDLHAHKL,I,
REQECEVKL,I,
AMLPTLGKV,I,
LDKTSHSV,I,
EITKEQRL,I,
SENLQKTEL,I,
AEEEDRSSL,I,
AAQEPASVL,I,
GVDDAANFRTV,I,
KEISGHTSGI,I,
TLLKQLKEA,I,
REIKELNEL,I,
KLNPAANHRL,I,
KLFNGTFLKA,I,
RESALKETL,I,
REKYQGEEL,I,
SEIGKNYSM,I,
REEAHTTDL,I,
KEFMDRHGI,I,
KEFARGSDL,I,
SLHSKFIKV,I,
GLSSDLQQV,I,
VMLPKDIAKL,I,
GEVSQPSKEQL,I,
SLQKSIEKA,I,
TMAKESSIIGV,I,
KLEPHIYAV,I,
KLIEENKRL,I,
REDGKIIQL,I,
KISDFGLATV,I,
RLLPKLKKI,I,
LQHEGIFRV,I,
GESSMIMEI,I,
NEHGMETAL,I,
KESPTQISI,I,
AEVELKKGATL,I,
TEQKEKVEL,I,
AEMQKTIEM,I,
FLDERTPRL,I,
RLQGKIEKL,I,
KIGDFGLATVK,I,
AETRESTQL,I,
GEMKAEVTKL,I,
VLSRINQRL,I,
ALNSKILSV,I,
SVFPRLHNV,I,
ALFEKNKEL,I,
LEEGTYQKL,I,
AMAPASAVSGL,I,
RESFQRVEL,I,
AEQEGKTAL,I,
AEIKTTNEVVL,I,
RLAHKGISQA,I,
GLAKAVASV,I,
RLMEAMSEV,I,
AESAHEPRL,I,
LIDPFHKAI,I,
KADKKFHVL,I,
AQYENPPHI,I,
RLHDVLMEL,I,
YLSPTFKEV,I,
KEFSGHSSL,I,
FLEPVNPRL,I,
KEHEVEKMFTL,I,
SAIDFYRKF,I,
KELENANDL,I,
REAWVSSSL,I,
KLFGKRLNV,I,
KEDDVRQYV,I,
TEYGKHEEL,I,
REKAVRELL,I,
KEETHTIKL,I,
MEEFHGRTL,I,
KESSEASQL,I,
LEEQHAQQL,I,
YADEKTKDV,I,
FLLDKKIGV,I,
RETSEKFKL,I,
REHEDVQERTTL,I,
KEHADDDPSL,I,
SEDVKPKTL,I,
REDENKSIL,I,
RVMRDLKGV,I,
GEHSDAAEL,I,
LAMEPTPEL,I,
SEEGGHVAV,I,
KEESAATQAL,I,
FLHEATVRL,I,
NLIRSVRTV,I,
KLKDRLPSI,I,
ELHQEHDL,I,
KLFAKHIKV,I,
KEDHTLGNII,I,
KEFNRPDKL,I,
VMDKRVNEL,I,
FAYSDSRVGF,I,
TEAHFKETL,I,
RLLNKSIIRV,I,
REDRVTTEI,I,
FLDIHNIHV,I,
KLFNKILKA,I,
YLNPLERKL,I,
GLFGKELHKV,I,
KLKETAESV,I,
KMVDSFHRV,I,
SLFQKHNEV,I,
SMNGGVFAV,I,
REDSKIVDL,I,
KEESLHSIL,I,
EEESHRVVL,I,
KLTKTNERL,I,
AQVEAVHKV,I,
KQISQAYEV,I,
KVQEQVHKV,I,
YFFTSVSRPGR,I,
ELRKNGVEL,I,
AERKGGEETL,I,
GEMNEKIKL,I,
AEASSEHPL,I,
SEYIKAEEL,I,
WLSERSDRV,I,
RLTDEQHKV,I,
SETQANNEL,I,
AEYLEKLKL,I,
KLPSQPKEV,I,
FMSSHIKSV,I,
VLFKAQLEKA,I,
SEVQEKVNEL,I,
KEIEELTKI,I,
KLHVDFRNV,I,
KMAEIKVKL,I,
AMMAKAEYL,I,
AEFCESRQL,I,
RQDENTPSV,I,
RQLEKLKEV,I,
SELIRNVTL,I,
RLQEREHSV,I,
LEFKGKEIL,I,
KEVHIEKNDAETL,I,
LEHIKTHEL,I,
RLISETTSV,I,
LMAEMGVHSV,I,
REYEDNDEV,I,
KEAEGAEWL,I,
FLYTGEGDTV,I,
REKEAAYQERL,I,
GELESHADRL,I,
SQYSGQLHEV,I,
KEVDEKSSL,I,
HEFHPESHL,I,
RLWKAIHTA,I,
TIVEMLHKA,I,
RLKQEIERL,I,
ILDSRGNPTV,I,
RLVGQLKRV,I,
REIQTAVR,I,
KLLSNSQTL,I,
SLMEKISKL,I,
ALCEENMRGV,I,
VLFTGVKEV,I,
RLYGKKIQL,I,
KILKELQKV,I,
IEDFPAKEL,I,
GLDHYVYKV,I,
QELLSDTKL,I,
RELSTLRNL,I,
VLEKNLIKV,I,
LEDKKITVL,I,
LLAEKIYKI,I,
GETKIIYHL,I,
GEFSEAREDM,I,
LESKTYHAL,I,
RLQEKTSKL,I,
KLFRFDAEV,I,
RESTKISSL,I,
GEYRHDSRRNTL,I,
AMLEKNYKL,I,
KLNSPTLSV,I,
IELDGKTIKL,I,
FLLPTLRKV,I,
QLIDLDHKL,I,
ILYDKLEKI,I,
KLIKSLEAA,I,
KEESAAKAEL,I,
KEEDYHTAL,I,
KEIVDDTKV,I,
RTWENIQHV,I,
KENAGEDPGLA,I,
KEVEVKQQL,I,
YESRTETDL,I,
RLSPYLEDV,I,
KEADEMHTL,I,
RLIDHLENT,I,
REFRSQGTL,I,
REVSTGTTIM,I,
RLQKEIVEV,I,
RLFHKTVYL,I,
HLNGHIKQV,I,
KLLRKIFKA,I,
KELERLTSL,I,
REIQLEISGKERL,I,
AVWAKGIRNV,I,
RESGKVFHL,I,
SEYMNNKEAL,I,
SIMDKVTTV,I,
MIVDPPKKAL,I,
ALIKPDAISKA,I,
RLSPKPVRV,I,
AEDGEKKIKL,I,
GEHDYRHDI,I,
RTYDGKVRV,I,
YAFPRVRII,I,
KLQEKVELL,I,
REGEENEAL,I,
RLLSHIEKL,I,
KLAEIRHEV,I,
KMNGYISNA,I,
GEHHEKAVEL,I,
RLKEELEEA,I,
REWKEQGSKTFM,I,
RLHEKGVLL,I,
KEIDISHHV,I,
LLREKVEFL,I,
QESNVRLKL,I,
TLLKKVWKV,I,
RLLEDKKITV,I,
VLIRRIHKV,I,
YLLGHDIRI,I,
RLTKDTYRV,I,
RVYEKTHSV,I,
ALWEKNTHL,I,
KLYEAAVKKV,I,
KEKQAFERL,I,
KLYEQHHVV,I,
QEDAHRIVL,I,
AMKDHIVRV,I,
RLFGHLNKV,I,
KEHQKAWAL,I,
KEISEAMKSL,I,
RVYSHLKSV,I,
RLADLEALKV,I,
KLDHEVKTL,I,
KEFDHPNVM,I,
SEIKQINHL,I,
SEHSSENGSL,I,
KLQESTQTV,I,
ILYGKIIHL,I,
REEHSSYTL,I,
ALLRQLKEV,I,
YLDEIVKEV,I,
DAAPPSAPP,I,
REKELKLTD,I,
RELDGFGL,I,
AAAGGLAL,I,
VLNREVERV,I,
KVDELTTEI,I,
RIIDTVAQV,I,
SLMQPVRKV,I,
LIDDKGTIKL,I,
REFLSRKGL,I,
AELGAERSGL,I,
REDTGDQQGL,I,
QESPVHIL,I,
KQMVSFEKV,I,
KMHARDFTV,I,
KLWESPNVL,I,
SAHSHFISL,I,
EVAEKELGIP,I,
KEVKQNIHL,I,
KESEDKPEI,I,
SMDSRLQRI,I,
TEDDKQLLL,I,
KEVFPTAAL,I,
HLQDKIQKL,I,
LLGSVVHEV,I,
ALKEKVIKA,I,
KENSSKEIL,I,
KEKTLGKEVL,I,
REEAAGPAL,I,
KLASELIQV,I,
LAEARHREL,I,
MATRTSPRL,I,
KVPPSPELV,I,
RILSKLHTV,I,
KESDNNVKL,I,
RLAALEGDAA,I,
REVGQGNGL,I,
TEDERKILL,I,
GESRTLKVNL,I,
RELEHKDVL,I,
GEASSQSTHEL,I,
RLNNIRVLL,I,
SLMEKEQRL,I,
SLYQRAVRL,I,
QAPGPPEES,I,
RLEKNVKEV,I,
REFFTKEL,I,
REEAKNIKL,I,
GEFRTGKTQI,I,
RELARVVTL,I,
REFEERRS,I,
GMTHIVREV,I,
KELENKYAKL,I,
LEEEGKAVL,I,
HEESQTATL,I,
KIGDFGLATKV,I,
HLQERVDKV,I,
GEAEETTRL,I,
SHRKFSAPR,I,
KEAELREKL,I,
SLAHELWKV,I,
KLSQELEKV,I,
LLDSQSHHL,I,
EEQLQQLR,I,
TMLARLASA,I,
RLFSKGFLV,I,
LEERRTLAL,I,
RQLAKIHAI,I,
SEHRELETL,I,
TQADWQHRV,I,
RLIEGKLKAA,I,
KLLDLKKQL,I,
KEFDGTKVF,I,
YENEVALR,I,
YENEVALRQ,I,
GEAGPDASPTV,I,
SEEAIRREL,I,
RETTEVDLL,I,
EESNYELEGK,I,
SLHLHVPSV,I,
AEQRGQNLL,I,
AVHETLVAV,I,
EEQLQQIRAE,I,
QLDKLIREV,I,
LLDEHGHVRI,I,
SEEKGGVEVL,I,
EAKEKIYL,I,
REAEREALL,I,
RELEEKIKL,I,
KIEFPPPNE,I,
QKENAGEDPGLA,I,
RSLLEGEGSSGG,I,
AEIRRFSSV,I,
KLIDKLDSL,I,
LLYDLADQLHA,I,
KEFRSNQEL,I,
HAVGPQEI,I,
KEVQDGIEL,I,
GEGSGGGVL,I,
TAPAAPAAPAPA,I,
REVKEENTL,I,
RLAEQIATL,I,
RVDNTVPLV,I,
RVSEYVPEI,I,
VLDSKSVEV,I,
AEERDTPKL,I,
ALSEKIVSV,I,
ALTNAVAHV,I,
SVATKLTAV,I,
VEAGITGQEL,I,
SLREQLEGV,I,
REAPPSPLT,I,
AQLPRIFHV,I,
TASDVHPTL,I,
QLFKKPRQV,I,
VLMEKPDVV,I,
RLLSKIHNV,I,
ACDPNNKRL,I,
RLIDHIRNL,I,
RENRGLDRL,I,
SLADSMPSL,I,
YLFDKSKTV,I,
YLLEKSRVV,I,
RLQERNVQV,I,
RLQGGKDFNV,I,
KLDPATSAV,I,
SEEKTPAPRL,I,
YIYHGTVKL,I,
REVNPGDVSL,I,
EEVEDKTVM,I,
AEHSQVAEL,I,
VLQESIKRV,I,
HELEKKIEL,I,
LLADHTVHV,I,
SQMEKIVRI,I,
SVTSTVHVV,I,
RLPSRAWKV,I,
REVQAVSNL,I,
FENKFAVET,I,
GLDTRPHYI,I,
RELAFGDHEL,I,
KTIDDLKKV,I,
YLSELHEHL,I,
IEVDHSHDL,I,
AAKSGGLAL,I,
KEFETAETL,I,
PAKSAPAPKKG,I,
SQKAEGTGDAK,I,
SIRSSYSRF,I,
REIRDIETL,I,
RELSKTRSL,I,
KKDGENVSM,I,
EEEAARVAL,I,
GEPVALSEEERL,I,
KLRHIVDEV,I,
FEDKKVEL,I,
LQAGDILHRV,I,
KEQSWIPKI,I,
EAAVGSAL,I,
LLHAGGLARA,I,
REFGRTEVI,I,
ADGLETDGTL,I,
QLQEHIKEL,I,
KLLQKRIEV,I,
AVVDGAFKEV,I,
AGPPAPARA,I,
AAAAAGQIHHV,I,
AEQRGELAL,I,
VSTEHAVAL,I,
QEVLGEEKL,I,
RMAESLYEI,I,
TEFAKQTSL,I,
YEEDGSRAI,I,
LSDPQVHTV,I,
AEGAGLHAL,I,
KEGNASGVSL,I,
RILEKVQSR,I,
PEPAKSAPA,I,
REVGTEAKM,I,
VLHPEQHRV,I,
RSFEGREL,I,
GEHHPTREL,I,
SAPAPKKG,I,
LADPDGHEI,I,
TKAVTKYTSAK,I,
GAAPRPPPKPM,I,
VEHINKTIAPA,I,
CADPENHKV,I,
AQYEDIANR,I,
